Timestamp,Motion_Type,Current_Pose,Target_Pose,Motor_Positions,Limit_State
2025-10-20 11:04:35,2,"[-0.0, -45.0, 0.0]",[0. 5. 0.],"[45.0, 0.0, 0.0]","[2, 2]"
2025-10-20 11:04:36,Motion_Completed,"[-0.0, -40.005001068115234, 0.0]","[40.0, -0.0, -0.0]","[40.005001068115234, 0.0, 0.0]","[2, 2]"
2025-10-20 11:04:41,2,"[-0.0, -40.000999450683594, 0.0]",[-5.  0.  0.],"[40.000999450683594, 0.0, 0.0]","[2, 2]"
2025-10-20 11:04:42,Motion_Completed,"[-4.9848330815633135, -40.000999450683594, -1.0416905085434163e-05]","[40.000999450683594, 5.0, 5.0]","[40.000999450683594, 4.99399995803833, 4.988999843597412]","[2, 2]"
2025-10-20 11:04:44,2,"[-5.0, -40.000999450683594, 0.0]",[5. 0. 0.],"[40.000999450683594, 5.0, 5.0]","[2, 2]"
2025-10-20 11:04:45,Motion_Completed,"[-0.009166666306555271, -40.000999450683594, -2.0833336748197843e-06]","[40.000999450683594, -0.0, -0.0]","[40.000999450683594, 0.010999999940395355, 0.009999999776482582]","[2, 2]"
2025-10-20 11:04:48,2,"[-0.0, -40.000999450683594, 0.0]",[0. 0. 1.],"[40.000999450683594, 0.0, 0.0]","[2, 2]"
2025-10-20 11:04:50,Motion_Completed,"[-0.0008333524068202536, -40.000999450683594, 0.017415464096172478]","[40.000999450683594, -15.359666860612439, -6.981666754823836]","[40.000999450683594, -15.324000358581543, -6.965000152587891]","[2, 2]"
2025-10-20 11:04:54,0,"[0.000333388646444277, -40.000999450683594, 0.01745505256442148]",[0. 0. 0.],"[40.000999450683594, -15.359999656677246, -6.98199987411499]","[2, 2]"
2025-10-20 11:04:56,Motion_Completed,"[0.0036666685094436, -44.986000061035156, 3.333333104224382e-05]","[45.0, 0.0, 0.0]","[44.986000061035156, -0.032999999821186066, -0.017000000923871994]","[2, 2]"
2025-10-20 11:05:04,3,"[-0.0, -45.0, 0.0]",[  0. 170.   0.],"[45.0, 0.0, 0.0]","[2, 2]"
2025-10-20 11:05:13,Limit_Judge_Triggered,"[-0.0, 155.01800537109375, 0.0]","[155.01800537109375, -170.0]","[-155.01800537109375, 0.0, 0.0]","[2, 2]"
2025-10-20 11:05:13,Limit_Judge_Triggered,"[-0.0, 155.9010009765625, 0.0]","[155.9010009765625, -170.0]","[-155.9010009765625, 0.0, 0.0]","[2, 2]"
2025-10-20 11:05:13,Limit_Judge_Triggered,"[-0.0, 156.51400756835938, 0.0]","[156.51400756835938, -170.0]","[-156.51400756835938, 0.0, 0.0]","[2, 2]"
2025-10-20 11:05:13,Limit_Judge_Triggered,"[-0.0, 156.7259979248047, 0.0]","[156.7259979248047, -170.0]","[-156.7259979248047, 0.0, 0.0]","[2, 2]"
2025-10-20 11:05:13,Limit_Judge_Triggered,"[-0.0, 156.74899291992188, 0.0]","[156.74899291992188, -170.0]","[-156.74899291992188, 0.0, 0.0]","[2, 2]"
2025-10-20 11:05:13,Limit_Judge_Triggered,"[-0.0, 156.75, 0.0]","[156.75, -170.0]","[-156.75, 0.0, 0.0]","[2, 2]"
2025-10-20 11:05:13,Limit_Judge_Triggered,"[-0.0, 156.75, 0.0]","[156.75, -170.0]","[-156.75, 0.0, 0.0]","[2, 2]"
2025-10-20 11:05:13,Limit_Judge_Triggered,"[-0.0, 156.74899291992188, 0.0]","[156.74899291992188, -170.0]","[-156.74899291992188, 0.0, 0.0]","[2, 2]"
2025-10-20 11:05:13,Limit_Judge_Triggered,"[-0.0, 156.74899291992188, 0.0]","[156.74899291992188, -170.0]","[-156.74899291992188, 0.0, 0.0]","[2, 2]"
2025-10-20 11:05:13,Limit_Judge_Triggered,"[-0.0, 156.74899291992188, 0.0]","[156.74899291992188, -170.0]","[-156.74899291992188, 0.0, 0.0]","[2, 2]"
2025-10-20 11:05:13,Limit_Judge_Triggered,"[-0.0, 156.74899291992188, 0.0]","[156.74899291992188, -170.0]","[-156.74899291992188, 0.0, 0.0]","[2, 2]"
2025-10-20 11:05:13,Limit_Judge_Triggered,"[-0.0, 156.74899291992188, 0.0]","[156.74899291992188, -170.0]","[-156.74899291992188, 0.0, 0.0]","[2, 2]"
2025-10-20 11:05:13,Limit_Judge_Triggered,"[-0.0, 156.74899291992188, 0.0]","[156.74899291992188, -170.0]","[-156.74899291992188, 0.0, 0.0]","[2, 2]"
2025-10-20 11:05:13,Limit_Judge_Triggered,"[-0.0, 156.7480010986328, 0.0]","[156.7480010986328, -170.0]","[-156.7480010986328, 0.0, 0.0]","[2, 2]"
2025-10-20 11:05:13,Limit_Judge_Triggered,"[-0.0, 156.7480010986328, 0.0]","[156.7480010986328, -170.0]","[-156.7480010986328, 0.0, 0.0]","[2, 2]"
2025-10-20 11:05:13,Limit_Judge_Triggered,"[-0.0, 156.7480010986328, 0.0]","[156.7480010986328, -170.0]","[-156.7480010986328, 0.0, 0.0]","[2, 2]"
2025-10-20 11:05:14,Limit_Judge_Triggered,"[-0.0, 156.7480010986328, 0.0]","[156.7480010986328, -170.0]","[-156.7480010986328, 0.0, 0.0]","[2, 2]"
2025-10-20 11:05:14,Limit_Judge_Triggered,"[-0.0, 156.7469940185547, 0.0]","[156.7469940185547, -170.0]","[-156.7469940185547, 0.0, 0.0]","[2, 2]"
2025-10-20 11:05:14,Limit_Judge_Triggered,"[-0.0, 156.7469940185547, 0.0]","[156.7469940185547, -170.0]","[-156.7469940185547, 0.0, 0.0]","[2, 2]"
2025-10-20 11:05:14,Limit_Judge_Triggered,"[-0.0, 156.74600219726562, 0.0]","[156.74600219726562, -170.0]","[-156.74600219726562, 0.0, 0.0]","[2, 2]"
2025-10-20 11:05:14,Limit_Judge_Triggered,"[-0.0, 156.74600219726562, 0.0]","[156.74600219726562, -170.0]","[-156.74600219726562, 0.0, 0.0]","[2, 2]"
2025-10-20 11:05:14,Limit_Judge_Triggered,"[-0.0, 156.74600219726562, 0.0]","[156.74600219726562, -170.0]","[-156.74600219726562, 0.0, 0.0]","[2, 2]"
2025-10-20 11:05:14,Limit_Judge_Triggered,"[-0.0, 156.7449951171875, 0.0]","[156.7449951171875, -170.0]","[-156.7449951171875, 0.0, 0.0]","[2, 2]"
2025-10-20 11:05:14,Limit_Judge_Triggered,"[-0.0, 156.7449951171875, 0.0]","[156.7449951171875, -170.0]","[-156.7449951171875, 0.0, 0.0]","[2, 2]"
2025-10-20 11:05:14,Limit_Judge_Triggered,"[-0.0, 156.74400329589844, 0.0]","[156.74400329589844, -170.0]","[-156.74400329589844, 0.0, 0.0]","[2, 2]"
2025-10-20 11:05:14,Limit_Judge_Triggered,"[-0.0, 156.74400329589844, 0.0]","[156.74400329589844, -170.0]","[-156.74400329589844, 0.0, 0.0]","[2, 2]"
2025-10-20 11:05:14,Limit_Judge_Triggered,"[-0.0, 156.7429962158203, 0.0]","[156.7429962158203, -170.0]","[-156.7429962158203, 0.0, 0.0]","[2, 2]"
2025-10-20 11:05:14,Limit_Judge_Triggered,"[-0.0, 156.7429962158203, 0.0]","[156.7429962158203, -170.0]","[-156.7429962158203, 0.0, 0.0]","[2, 2]"
2025-10-20 11:05:14,Limit_Judge_Triggered,"[-0.0, 156.74200439453125, 0.0]","[156.74200439453125, -170.0]","[-156.74200439453125, 0.0, 0.0]","[2, 2]"
2025-10-20 11:05:14,Limit_Judge_Triggered,"[-0.0, 156.74200439453125, 0.0]","[156.74200439453125, -170.0]","[-156.74200439453125, 0.0, 0.0]","[2, 2]"
2025-10-20 11:05:14,Limit_Judge_Triggered,"[-0.0, 156.74099731445312, 0.0]","[156.74099731445312, -170.0]","[-156.74099731445312, 0.0, 0.0]","[2, 2]"
2025-10-20 11:05:14,Limit_Judge_Triggered,"[-0.0, 156.74099731445312, 0.0]","[156.74099731445312, -170.0]","[-156.74099731445312, 0.0, 0.0]","[2, 2]"
2025-10-20 11:05:14,Limit_Judge_Triggered,"[-0.0, 156.74000549316406, 0.0]","[156.74000549316406, -170.0]","[-156.74000549316406, 0.0, 0.0]","[2, 2]"
2025-10-20 11:05:14,Limit_Judge_Triggered,"[-0.0, 156.73899841308594, 0.0]","[156.73899841308594, -170.0]","[-156.73899841308594, 0.0, 0.0]","[2, 2]"
2025-10-20 11:05:14,Limit_Judge_Triggered,"[-0.0, 156.73899841308594, 0.0]","[156.73899841308594, -170.0]","[-156.73899841308594, 0.0, 0.0]","[2, 2]"
2025-10-20 11:05:14,Limit_Judge_Triggered,"[-0.0, 156.73800659179688, 0.0]","[156.73800659179688, -170.0]","[-156.73800659179688, 0.0, 0.0]","[2, 2]"
2025-10-20 11:05:14,Limit_Judge_Triggered,"[-0.0, 156.73800659179688, 0.0]","[156.73800659179688, -170.0]","[-156.73800659179688, 0.0, 0.0]","[2, 2]"
2025-10-20 11:05:14,Limit_Judge_Triggered,"[-0.0, 156.73699951171875, 0.0]","[156.73699951171875, -170.0]","[-156.73699951171875, 0.0, 0.0]","[2, 2]"
2025-10-20 11:05:14,Limit_Judge_Triggered,"[-0.0, 156.73699951171875, 0.0]","[156.73699951171875, -170.0]","[-156.73699951171875, 0.0, 0.0]","[2, 2]"
2025-10-20 11:05:14,Limit_Judge_Triggered,"[-0.0, 156.73699951171875, 0.0]","[156.73699951171875, -170.0]","[-156.73699951171875, 0.0, 0.0]","[2, 2]"
2025-10-20 11:05:14,Limit_Judge_Triggered,"[-0.0, 156.73599243164062, 0.0]","[156.73599243164062, -170.0]","[-156.73599243164062, 0.0, 0.0]","[2, 2]"
2025-10-20 11:05:15,Limit_Judge_Triggered,"[-0.0, 156.73599243164062, 0.0]","[156.73599243164062, -170.0]","[-156.73599243164062, 0.0, 0.0]","[2, 2]"
2025-10-20 11:05:15,Limit_Judge_Triggered,"[-0.0, 156.73599243164062, 0.0]","[156.73599243164062, -170.0]","[-156.73599243164062, 0.0, 0.0]","[2, 2]"
2025-10-20 11:05:15,Limit_Judge_Triggered,"[-0.0, 156.73599243164062, 0.0]","[156.73599243164062, -170.0]","[-156.73599243164062, 0.0, 0.0]","[2, 2]"
2025-10-20 11:05:15,Limit_Judge_Triggered,"[-0.0, 156.73599243164062, 0.0]","[156.73599243164062, -170.0]","[-156.73599243164062, 0.0, 0.0]","[2, 2]"
2025-10-20 11:05:15,Limit_Judge_Triggered,"[-0.0, 156.73599243164062, 0.0]","[156.73599243164062, -170.0]","[-156.73599243164062, 0.0, 0.0]","[2, 2]"
2025-10-20 11:05:15,Limit_Judge_Triggered,"[-0.0, 156.73599243164062, 0.0]","[156.73599243164062, -170.0]","[-156.73599243164062, 0.0, 0.0]","[2, 2]"
2025-10-20 11:05:15,Limit_Judge_Triggered,"[-0.0, 156.73599243164062, 0.0]","[156.73599243164062, -170.0]","[-156.73599243164062, 0.0, 0.0]","[2, 2]"
2025-10-20 11:05:15,Limit_Judge_Triggered,"[-0.0, 156.73599243164062, 0.0]","[156.73599243164062, -170.0]","[-156.73599243164062, 0.0, 0.0]","[2, 2]"
2025-10-20 11:05:15,Limit_Judge_Triggered,"[-0.0, 156.73599243164062, 0.0]","[156.73599243164062, -170.0]","[-156.73599243164062, 0.0, 0.0]","[2, 2]"
2025-10-20 11:05:15,Limit_Judge_Triggered,"[-0.0, 156.73599243164062, 0.0]","[156.73599243164062, -170.0]","[-156.73599243164062, 0.0, 0.0]","[2, 2]"
2025-10-20 11:05:15,Limit_Judge_Triggered,"[-0.0, 156.73599243164062, 0.0]","[156.73599243164062, -170.0]","[-156.73599243164062, 0.0, 0.0]","[2, 2]"
2025-10-20 11:05:15,Limit_Judge_Triggered,"[-0.0, 156.73599243164062, 0.0]","[156.73599243164062, -170.0]","[-156.73599243164062, 0.0, 0.0]","[2, 2]"
2025-10-20 11:05:15,Limit_Judge_Triggered,"[-0.0, 156.73599243164062, 0.0]","[156.73599243164062, -170.0]","[-156.73599243164062, 0.0, 0.0]","[2, 2]"
2025-10-20 11:05:15,Limit_Judge_Triggered,"[-0.0, 156.73599243164062, 0.0]","[156.73599243164062, -170.0]","[-156.73599243164062, 0.0, 0.0]","[2, 2]"
2025-10-20 11:05:15,Limit_Judge_Triggered,"[-0.0, 156.73599243164062, 0.0]","[156.73599243164062, -170.0]","[-156.73599243164062, 0.0, 0.0]","[2, 2]"
2025-10-20 11:05:15,Limit_Judge_Triggered,"[-0.0, 156.73599243164062, 0.0]","[156.73599243164062, -170.0]","[-156.73599243164062, 0.0, 0.0]","[2, 2]"
2025-10-20 11:05:15,Limit_Judge_Triggered,"[-0.0, 156.73599243164062, 0.0]","[156.73599243164062, -170.0]","[-156.73599243164062, 0.0, 0.0]","[2, 2]"
2025-10-20 11:05:15,Limit_Judge_Triggered,"[-0.0, 156.73599243164062, 0.0]","[156.73599243164062, -170.0]","[-156.73599243164062, 0.0, 0.0]","[2, 2]"
2025-10-20 11:05:15,Limit_Judge_Triggered,"[-0.0, 156.73599243164062, 0.0]","[156.73599243164062, -170.0]","[-156.73599243164062, 0.0, 0.0]","[2, 2]"
2025-10-20 11:05:15,Limit_Judge_Triggered,"[-0.0, 156.73599243164062, 0.0]","[156.73599243164062, -170.0]","[-156.73599243164062, 0.0, 0.0]","[2, 2]"
2025-10-20 11:05:15,Limit_Judge_Triggered,"[-0.0, 156.73599243164062, 0.0]","[156.73599243164062, -170.0]","[-156.73599243164062, 0.0, 0.0]","[2, 2]"
2025-10-20 11:05:15,Limit_Judge_Triggered,"[-0.0, 156.73599243164062, 0.0]","[156.73599243164062, -170.0]","[-156.73599243164062, 0.0, 0.0]","[2, 2]"
2025-10-20 11:05:15,Limit_Judge_Triggered,"[-0.0, 156.73599243164062, 0.0]","[156.73599243164062, -170.0]","[-156.73599243164062, 0.0, 0.0]","[2, 2]"
2025-10-20 11:05:15,Limit_Judge_Triggered,"[-0.0, 156.73599243164062, 0.0]","[156.73599243164062, -170.0]","[-156.73599243164062, 0.0, 0.0]","[2, 2]"
2025-10-20 11:05:15,Limit_Judge_Triggered,"[-0.0, 156.73599243164062, 0.0]","[156.73599243164062, -170.0]","[-156.73599243164062, 0.0, 0.0]","[2, 2]"
2025-10-20 11:05:16,Limit_Judge_Triggered,"[-0.0, 156.73599243164062, 0.0]","[156.73599243164062, -170.0]","[-156.73599243164062, 0.0, 0.0]","[2, 2]"
2025-10-20 11:05:16,Limit_Judge_Triggered,"[-0.0, 156.73599243164062, 0.0]","[156.73599243164062, -170.0]","[-156.73599243164062, 0.0, 0.0]","[2, 2]"
2025-10-20 11:05:16,Limit_Judge_Triggered,"[-0.0, 156.73599243164062, 0.0]","[156.73599243164062, -170.0]","[-156.73599243164062, 0.0, 0.0]","[2, 2]"
2025-10-20 11:05:16,Limit_Judge_Triggered,"[-0.0, 156.73599243164062, 0.0]","[156.73599243164062, -170.0]","[-156.73599243164062, 0.0, 0.0]","[2, 2]"
2025-10-20 11:05:16,Limit_Judge_Triggered,"[-0.0, 156.73599243164062, 0.0]","[156.73599243164062, -170.0]","[-156.73599243164062, 0.0, 0.0]","[2, 2]"
2025-10-20 11:05:16,Limit_Judge_Triggered,"[-0.0, 156.73599243164062, 0.0]","[156.73599243164062, -170.0]","[-156.73599243164062, 0.0, 0.0]","[2, 2]"
2025-10-20 11:05:16,Limit_Judge_Triggered,"[-0.0, 156.73599243164062, 0.0]","[156.73599243164062, -170.0]","[-156.73599243164062, 0.0, 0.0]","[2, 2]"
2025-10-20 11:05:16,Limit_Judge_Triggered,"[-0.0, 156.73599243164062, 0.0]","[156.73599243164062, -170.0]","[-156.73599243164062, 0.0, 0.0]","[2, 2]"
2025-10-20 11:05:16,Limit_Judge_Triggered,"[-0.0, 156.73599243164062, 0.0]","[156.73599243164062, -170.0]","[-156.73599243164062, 0.0, 0.0]","[2, 2]"
2025-10-20 11:05:16,Limit_Judge_Triggered,"[-0.0, 156.73599243164062, 0.0]","[156.73599243164062, -170.0]","[-156.73599243164062, 0.0, 0.0]","[2, 2]"
2025-10-20 11:05:16,Limit_Judge_Triggered,"[-0.0, 156.73599243164062, 0.0]","[156.73599243164062, -170.0]","[-156.73599243164062, 0.0, 0.0]","[2, 2]"
2025-10-20 11:05:16,Limit_Judge_Triggered,"[-0.0, 156.73599243164062, 0.0]","[156.73599243164062, -170.0]","[-156.73599243164062, 0.0, 0.0]","[2, 2]"
2025-10-20 11:05:16,Limit_Judge_Triggered,"[-0.0, 156.73599243164062, 0.0]","[156.73599243164062, -170.0]","[-156.73599243164062, 0.0, 0.0]","[2, 2]"
2025-10-20 11:05:16,Limit_Judge_Triggered,"[-0.0, 156.73599243164062, 0.0]","[156.73599243164062, -170.0]","[-156.73599243164062, 0.0, 0.0]","[2, 2]"
2025-10-20 11:05:16,Limit_Judge_Triggered,"[-0.0, 156.73599243164062, 0.0]","[156.73599243164062, -170.0]","[-156.73599243164062, 0.0, 0.0]","[2, 2]"
2025-10-20 11:05:16,Limit_Judge_Triggered,"[-0.0, 156.73599243164062, 0.0]","[156.73599243164062, -170.0]","[-156.73599243164062, 0.0, 0.0]","[2, 2]"
2025-10-20 11:05:16,Limit_Judge_Triggered,"[-0.0, 156.73599243164062, 0.0]","[156.73599243164062, -170.0]","[-156.73599243164062, 0.0, 0.0]","[2, 2]"
2025-10-20 11:05:16,Limit_Judge_Triggered,"[-0.0, 156.73599243164062, 0.0]","[156.73599243164062, -170.0]","[-156.73599243164062, 0.0, 0.0]","[2, 2]"
2025-10-20 11:05:16,Limit_Judge_Triggered,"[-0.0, 156.73599243164062, 0.0]","[156.73599243164062, -170.0]","[-156.73599243164062, 0.0, 0.0]","[2, 2]"
2025-10-20 11:05:16,Limit_Judge_Triggered,"[-0.0, 156.73599243164062, 0.0]","[156.73599243164062, -170.0]","[-156.73599243164062, 0.0, 0.0]","[2, 2]"
2025-10-20 11:05:16,Limit_Judge_Triggered,"[-0.0, 156.73599243164062, 0.0]","[156.73599243164062, -170.0]","[-156.73599243164062, 0.0, 0.0]","[2, 2]"
2025-10-20 11:05:16,Limit_Judge_Triggered,"[-0.0, 156.73599243164062, 0.0]","[156.73599243164062, -170.0]","[-156.73599243164062, 0.0, 0.0]","[2, 2]"
2025-10-20 11:05:16,Limit_Judge_Triggered,"[-0.0, 156.73599243164062, 0.0]","[156.73599243164062, -170.0]","[-156.73599243164062, 0.0, 0.0]","[2, 2]"
2025-10-20 11:05:16,Limit_Judge_Triggered,"[-0.0, 156.73599243164062, 0.0]","[156.73599243164062, -170.0]","[-156.73599243164062, 0.0, 0.0]","[2, 2]"
2025-10-20 11:05:16,Limit_Judge_Triggered,"[-0.0, 156.73599243164062, 0.0]","[156.73599243164062, -170.0]","[-156.73599243164062, 0.0, 0.0]","[2, 2]"
2025-10-20 11:05:17,Limit_Judge_Triggered,"[-0.0, 156.73599243164062, 0.0]","[156.73599243164062, -170.0]","[-156.73599243164062, 0.0, 0.0]","[2, 2]"
2025-10-20 11:05:17,Limit_Judge_Triggered,"[-0.0, 156.73599243164062, 0.0]","[156.73599243164062, -170.0]","[-156.73599243164062, 0.0, 0.0]","[2, 2]"
2025-10-20 11:05:17,Limit_Judge_Triggered,"[-0.0, 156.73599243164062, 0.0]","[156.73599243164062, -170.0]","[-156.73599243164062, 0.0, 0.0]","[2, 2]"
2025-10-20 11:05:17,Limit_Judge_Triggered,"[-0.0, 156.73599243164062, 0.0]","[156.73599243164062, -170.0]","[-156.73599243164062, 0.0, 0.0]","[2, 2]"
2025-10-20 11:05:17,Limit_Judge_Triggered,"[-0.0, 156.73599243164062, 0.0]","[156.73599243164062, -170.0]","[-156.73599243164062, 0.0, 0.0]","[2, 2]"
2025-10-20 11:05:17,Limit_Judge_Triggered,"[-0.0, 156.73599243164062, 0.0]","[156.73599243164062, -170.0]","[-156.73599243164062, 0.0, 0.0]","[2, 2]"
2025-10-20 11:05:17,Limit_Judge_Triggered,"[-0.0, 156.73599243164062, 0.0]","[156.73599243164062, -170.0]","[-156.73599243164062, 0.0, 0.0]","[2, 2]"
2025-10-20 11:05:17,Limit_Judge_Triggered,"[-0.0, 156.73599243164062, 0.0]","[156.73599243164062, -170.0]","[-156.73599243164062, 0.0, 0.0]","[2, 2]"
2025-10-20 11:05:17,Limit_Judge_Triggered,"[-0.0, 156.73599243164062, 0.0]","[156.73599243164062, -170.0]","[-156.73599243164062, 0.0, 0.0]","[2, 2]"
2025-10-20 11:05:17,Limit_Judge_Triggered,"[-0.0, 156.73599243164062, 0.0]","[156.73599243164062, -170.0]","[-156.73599243164062, 0.0, 0.0]","[2, 2]"
2025-10-20 11:05:17,Limit_Judge_Triggered,"[-0.0, 156.73599243164062, 0.0]","[156.73599243164062, -170.0]","[-156.73599243164062, 0.0, 0.0]","[2, 2]"
2025-10-20 11:05:17,Limit_Judge_Triggered,"[-0.0, 156.73599243164062, 0.0]","[156.73599243164062, -170.0]","[-156.73599243164062, 0.0, 0.0]","[2, 2]"
2025-10-20 11:05:17,Limit_Judge_Triggered,"[-0.0, 156.73599243164062, 0.0]","[156.73599243164062, -170.0]","[-156.73599243164062, 0.0, 0.0]","[2, 2]"
2025-10-20 11:05:17,Limit_Judge_Triggered,"[-0.0, 156.73599243164062, 0.0]","[156.73599243164062, -170.0]","[-156.73599243164062, 0.0, 0.0]","[2, 2]"
2025-10-20 11:05:17,Limit_Judge_Triggered,"[-0.0, 156.73599243164062, 0.0]","[156.73599243164062, -170.0]","[-156.73599243164062, 0.0, 0.0]","[2, 2]"
2025-10-20 11:05:17,Limit_Judge_Triggered,"[-0.0, 156.73599243164062, 0.0]","[156.73599243164062, -170.0]","[-156.73599243164062, 0.0, 0.0]","[2, 2]"
2025-10-20 11:05:17,Limit_Judge_Triggered,"[-0.0, 156.73599243164062, 0.0]","[156.73599243164062, -170.0]","[-156.73599243164062, 0.0, 0.0]","[2, 2]"
2025-10-20 11:05:17,Limit_Judge_Triggered,"[-0.0, 156.73599243164062, 0.0]","[156.73599243164062, -170.0]","[-156.73599243164062, 0.0, 0.0]","[2, 2]"
2025-10-20 11:05:17,Limit_Judge_Triggered,"[-0.0, 156.73599243164062, 0.0]","[156.73599243164062, -170.0]","[-156.73599243164062, 0.0, 0.0]","[2, 2]"
2025-10-20 11:05:17,Limit_Judge_Triggered,"[-0.0, 156.73599243164062, 0.0]","[156.73599243164062, -170.0]","[-156.73599243164062, 0.0, 0.0]","[2, 2]"
2025-10-20 11:05:17,Limit_Judge_Triggered,"[-0.0, 156.73599243164062, 0.0]","[156.73599243164062, -170.0]","[-156.73599243164062, 0.0, 0.0]","[2, 2]"
2025-10-20 11:05:17,Limit_Judge_Triggered,"[-0.0, 156.73599243164062, 0.0]","[156.73599243164062, -170.0]","[-156.73599243164062, 0.0, 0.0]","[2, 2]"
2025-10-20 11:05:17,Limit_Judge_Triggered,"[-0.0, 156.73599243164062, 0.0]","[156.73599243164062, -170.0]","[-156.73599243164062, 0.0, 0.0]","[2, 2]"
2025-10-20 11:05:17,Limit_Judge_Triggered,"[-0.0, 156.73599243164062, 0.0]","[156.73599243164062, -170.0]","[-156.73599243164062, 0.0, 0.0]","[2, 2]"
2025-10-20 11:05:17,Limit_Judge_Triggered,"[-0.0, 156.73599243164062, 0.0]","[156.73599243164062, -170.0]","[-156.73599243164062, 0.0, 0.0]","[2, 2]"
2025-10-20 11:05:18,Limit_Judge_Triggered,"[-0.0, 156.73599243164062, 0.0]","[156.73599243164062, -170.0]","[-156.73599243164062, 0.0, 0.0]","[2, 2]"
2025-10-20 11:05:18,Limit_Judge_Triggered,"[-0.0, 156.73599243164062, 0.0]","[156.73599243164062, -170.0]","[-156.73599243164062, 0.0, 0.0]","[2, 2]"
2025-10-20 11:05:18,Limit_Judge_Triggered,"[-0.0, 156.73599243164062, 0.0]","[156.73599243164062, -170.0]","[-156.73599243164062, 0.0, 0.0]","[2, 2]"
2025-10-20 11:05:18,Limit_Judge_Triggered,"[-0.0, 156.73599243164062, 0.0]","[156.73599243164062, -170.0]","[-156.73599243164062, 0.0, 0.0]","[2, 2]"
2025-10-20 11:05:18,Limit_Judge_Triggered,"[-0.0, 156.73599243164062, 0.0]","[156.73599243164062, -170.0]","[-156.73599243164062, 0.0, 0.0]","[2, 2]"
2025-10-20 11:05:18,Limit_Judge_Triggered,"[-0.0, 156.73599243164062, 0.0]","[156.73599243164062, -170.0]","[-156.73599243164062, 0.0, 0.0]","[2, 2]"
2025-10-20 11:05:18,Limit_Judge_Triggered,"[-0.0, 156.73599243164062, 0.0]","[156.73599243164062, -170.0]","[-156.73599243164062, 0.0, 0.0]","[2, 2]"
2025-10-20 11:05:18,Limit_Judge_Triggered,"[-0.0, 156.73599243164062, 0.0]","[156.73599243164062, -170.0]","[-156.73599243164062, 0.0, 0.0]","[2, 2]"
2025-10-20 11:05:18,Limit_Judge_Triggered,"[-0.0, 156.73599243164062, 0.0]","[156.73599243164062, -170.0]","[-156.73599243164062, 0.0, 0.0]","[2, 2]"
2025-10-20 11:05:18,Limit_Judge_Triggered,"[-0.0, 156.73599243164062, 0.0]","[156.73599243164062, -170.0]","[-156.73599243164062, 0.0, 0.0]","[2, 2]"
2025-10-20 11:05:18,Limit_Judge_Triggered,"[-0.0, 156.73599243164062, 0.0]","[156.73599243164062, -170.0]","[-156.73599243164062, 0.0, 0.0]","[2, 2]"
2025-10-20 11:05:18,Limit_Judge_Triggered,"[-0.0, 156.73599243164062, 0.0]","[156.73599243164062, -170.0]","[-156.73599243164062, 0.0, 0.0]","[2, 2]"
2025-10-20 11:05:18,Limit_Judge_Triggered,"[-0.0, 156.73599243164062, 0.0]","[156.73599243164062, -170.0]","[-156.73599243164062, 0.0, 0.0]","[2, 2]"
2025-10-20 11:05:18,Limit_Judge_Triggered,"[-0.0, 156.73599243164062, 0.0]","[156.73599243164062, -170.0]","[-156.73599243164062, 0.0, 0.0]","[2, 2]"
2025-10-20 11:05:18,Limit_Judge_Triggered,"[-0.0, 156.73599243164062, 0.0]","[156.73599243164062, -170.0]","[-156.73599243164062, 0.0, 0.0]","[2, 2]"
2025-10-20 11:05:18,Limit_Judge_Triggered,"[-0.0, 156.73599243164062, 0.0]","[156.73599243164062, -170.0]","[-156.73599243164062, 0.0, 0.0]","[2, 2]"
2025-10-20 11:05:18,Limit_Judge_Triggered,"[-0.0, 156.73599243164062, 0.0]","[156.73599243164062, -170.0]","[-156.73599243164062, 0.0, 0.0]","[2, 2]"
2025-10-20 11:05:18,Limit_Judge_Triggered,"[-0.0, 156.73599243164062, 0.0]","[156.73599243164062, -170.0]","[-156.73599243164062, 0.0, 0.0]","[2, 2]"
2025-10-20 11:05:18,Limit_Judge_Triggered,"[-0.0, 156.73599243164062, 0.0]","[156.73599243164062, -170.0]","[-156.73599243164062, 0.0, 0.0]","[2, 2]"
2025-10-20 11:05:18,Limit_Judge_Triggered,"[-0.0, 156.73599243164062, 0.0]","[156.73599243164062, -170.0]","[-156.73599243164062, 0.0, 0.0]","[2, 2]"
2025-10-20 11:05:18,Limit_Judge_Triggered,"[-0.0, 156.73699951171875, 0.0]","[156.73699951171875, -170.0]","[-156.73699951171875, 0.0, 0.0]","[2, 2]"
2025-10-20 11:05:18,Limit_Judge_Triggered,"[-0.0, 156.73699951171875, 0.0]","[156.73699951171875, -170.0]","[-156.73699951171875, 0.0, 0.0]","[2, 2]"
2025-10-20 11:05:18,Limit_Judge_Triggered,"[-0.0, 156.73699951171875, 0.0]","[156.73699951171875, -170.0]","[-156.73699951171875, 0.0, 0.0]","[2, 2]"
2025-10-20 11:05:18,Limit_Judge_Triggered,"[-0.0, 156.73699951171875, 0.0]","[156.73699951171875, -170.0]","[-156.73699951171875, 0.0, 0.0]","[2, 2]"
2025-10-20 11:05:18,Limit_Judge_Triggered,"[-0.0, 156.73699951171875, 0.0]","[156.73699951171875, -170.0]","[-156.73699951171875, 0.0, 0.0]","[2, 2]"
2025-10-20 11:05:19,Limit_Judge_Triggered,"[-0.0, 156.73699951171875, 0.0]","[156.73699951171875, -170.0]","[-156.73699951171875, 0.0, 0.0]","[2, 2]"
2025-10-20 11:05:19,Limit_Judge_Triggered,"[-0.0, 156.73699951171875, 0.0]","[156.73699951171875, -170.0]","[-156.73699951171875, 0.0, 0.0]","[2, 2]"
2025-10-20 11:05:19,Limit_Judge_Triggered,"[-0.0, 156.73699951171875, 0.0]","[156.73699951171875, -170.0]","[-156.73699951171875, 0.0, 0.0]","[2, 2]"
2025-10-20 11:05:19,Limit_Judge_Triggered,"[-0.0, 156.73699951171875, 0.0]","[156.73699951171875, -170.0]","[-156.73699951171875, 0.0, 0.0]","[2, 2]"
2025-10-20 11:05:19,Limit_Judge_Triggered,"[-0.0, 156.73699951171875, 0.0]","[156.73699951171875, -170.0]","[-156.73699951171875, 0.0, 0.0]","[2, 2]"
2025-10-20 11:05:19,Limit_Judge_Triggered,"[-0.0, 156.73699951171875, 0.0]","[156.73699951171875, -170.0]","[-156.73699951171875, 0.0, 0.0]","[2, 2]"
2025-10-20 11:05:19,Limit_Judge_Triggered,"[-0.0, 156.73699951171875, 0.0]","[156.73699951171875, -170.0]","[-156.73699951171875, 0.0, 0.0]","[2, 2]"
2025-10-20 11:05:19,Limit_Judge_Triggered,"[-0.0, 156.73699951171875, 0.0]","[156.73699951171875, -170.0]","[-156.73699951171875, 0.0, 0.0]","[2, 2]"
2025-10-20 11:05:19,Limit_Judge_Triggered,"[-0.0, 156.73699951171875, 0.0]","[156.73699951171875, -170.0]","[-156.73699951171875, 0.0, 0.0]","[2, 2]"
2025-10-20 11:05:19,Limit_Judge_Triggered,"[-0.0, 156.73699951171875, 0.0]","[156.73699951171875, -170.0]","[-156.73699951171875, 0.0, 0.0]","[2, 2]"
2025-10-20 11:05:19,Limit_Judge_Triggered,"[-0.0, 156.73699951171875, 0.0]","[156.73699951171875, -170.0]","[-156.73699951171875, 0.0, 0.0]","[2, 2]"
2025-10-20 11:05:19,Limit_Judge_Triggered,"[-0.0, 156.73699951171875, 0.0]","[156.73699951171875, -170.0]","[-156.73699951171875, 0.0, 0.0]","[2, 2]"
2025-10-20 11:05:19,Limit_Judge_Triggered,"[-0.0, 156.73699951171875, 0.0]","[156.73699951171875, -170.0]","[-156.73699951171875, 0.0, 0.0]","[2, 2]"
2025-10-20 11:05:19,Limit_Judge_Triggered,"[-0.0, 156.73699951171875, 0.0]","[156.73699951171875, -170.0]","[-156.73699951171875, 0.0, 0.0]","[2, 2]"
2025-10-20 11:05:19,Limit_Judge_Triggered,"[-0.0, 156.73699951171875, 0.0]","[156.73699951171875, -170.0]","[-156.73699951171875, 0.0, 0.0]","[2, 2]"
2025-10-20 11:05:19,Limit_Judge_Triggered,"[-0.0, 156.73699951171875, 0.0]","[156.73699951171875, -170.0]","[-156.73699951171875, 0.0, 0.0]","[2, 2]"
2025-10-20 11:05:19,Limit_Judge_Triggered,"[-0.0, 156.73699951171875, 0.0]","[156.73699951171875, -170.0]","[-156.73699951171875, 0.0, 0.0]","[2, 2]"
2025-10-20 11:05:19,Limit_Judge_Triggered,"[-0.0, 156.73699951171875, 0.0]","[156.73699951171875, -170.0]","[-156.73699951171875, 0.0, 0.0]","[2, 2]"
2025-10-20 11:05:19,Limit_Judge_Triggered,"[-0.0, 156.73699951171875, 0.0]","[156.73699951171875, -170.0]","[-156.73699951171875, 0.0, 0.0]","[2, 2]"
2025-10-20 11:05:19,Limit_Judge_Triggered,"[-0.0, 156.73699951171875, 0.0]","[156.73699951171875, -170.0]","[-156.73699951171875, 0.0, 0.0]","[2, 2]"
2025-10-20 11:05:19,Limit_Judge_Triggered,"[-0.0, 156.73699951171875, 0.0]","[156.73699951171875, -170.0]","[-156.73699951171875, 0.0, 0.0]","[2, 2]"
2025-10-20 11:05:19,Limit_Judge_Triggered,"[-0.0, 156.73699951171875, 0.0]","[156.73699951171875, -170.0]","[-156.73699951171875, 0.0, 0.0]","[2, 2]"
2025-10-20 11:05:19,Limit_Judge_Triggered,"[-0.0, 156.73699951171875, 0.0]","[156.73699951171875, -170.0]","[-156.73699951171875, 0.0, 0.0]","[2, 2]"
2025-10-20 11:05:19,Limit_Judge_Triggered,"[-0.0, 156.73699951171875, 0.0]","[156.73699951171875, -170.0]","[-156.73699951171875, 0.0, 0.0]","[2, 2]"
2025-10-20 11:05:19,Limit_Judge_Triggered,"[-0.0, 156.73699951171875, 0.0]","[156.73699951171875, -170.0]","[-156.73699951171875, 0.0, 0.0]","[2, 2]"
2025-10-20 11:05:20,Limit_Judge_Triggered,"[-0.0, 156.73699951171875, 0.0]","[156.73699951171875, -170.0]","[-156.73699951171875, 0.0, 0.0]","[2, 2]"
2025-10-20 11:05:20,Limit_Judge_Triggered,"[-0.0, 156.73699951171875, 0.0]","[156.73699951171875, -170.0]","[-156.73699951171875, 0.0, 0.0]","[2, 2]"
2025-10-20 11:05:20,Limit_Judge_Triggered,"[-0.0, 156.73699951171875, 0.0]","[156.73699951171875, -170.0]","[-156.73699951171875, 0.0, 0.0]","[2, 2]"
2025-10-20 11:05:20,Limit_Judge_Triggered,"[-0.0, 156.73699951171875, 0.0]","[156.73699951171875, -170.0]","[-156.73699951171875, 0.0, 0.0]","[2, 2]"
2025-10-20 11:05:20,Limit_Judge_Triggered,"[-0.0, 156.73699951171875, 0.0]","[156.73699951171875, -170.0]","[-156.73699951171875, 0.0, 0.0]","[2, 2]"
2025-10-20 11:05:20,Limit_Judge_Triggered,"[-0.0, 156.73699951171875, 0.0]","[156.73699951171875, -170.0]","[-156.73699951171875, 0.0, 0.0]","[2, 2]"
2025-10-20 11:05:20,Limit_Judge_Triggered,"[-0.0, 156.73699951171875, 0.0]","[156.73699951171875, -170.0]","[-156.73699951171875, 0.0, 0.0]","[2, 2]"
2025-10-20 11:05:20,Limit_Judge_Triggered,"[-0.0, 156.73699951171875, 0.0]","[156.73699951171875, -170.0]","[-156.73699951171875, 0.0, 0.0]","[2, 2]"
2025-10-20 11:05:20,Limit_Judge_Triggered,"[-0.0, 156.73699951171875, 0.0]","[156.73699951171875, -170.0]","[-156.73699951171875, 0.0, 0.0]","[2, 2]"
2025-10-20 11:05:20,Limit_Judge_Triggered,"[-0.0, 156.73699951171875, 0.0]","[156.73699951171875, -170.0]","[-156.73699951171875, 0.0, 0.0]","[2, 2]"
2025-10-20 11:05:20,Limit_Judge_Triggered,"[-0.0, 156.73699951171875, 0.0]","[156.73699951171875, -170.0]","[-156.73699951171875, 0.0, 0.0]","[2, 2]"
2025-10-20 11:05:20,Limit_Judge_Triggered,"[-0.0, 156.73699951171875, 0.0]","[156.73699951171875, -170.0]","[-156.73699951171875, 0.0, 0.0]","[2, 2]"
2025-10-20 11:05:20,Limit_Judge_Triggered,"[-0.0, 156.73699951171875, 0.0]","[156.73699951171875, -170.0]","[-156.73699951171875, 0.0, 0.0]","[2, 2]"
2025-10-20 11:05:20,Limit_Judge_Triggered,"[-0.0, 156.73699951171875, 0.0]","[156.73699951171875, -170.0]","[-156.73699951171875, 0.0, 0.0]","[2, 2]"
2025-10-20 11:05:20,Limit_Judge_Triggered,"[-0.0, 156.73699951171875, 0.0]","[156.73699951171875, -170.0]","[-156.73699951171875, 0.0, 0.0]","[2, 2]"
2025-10-20 11:05:20,Limit_Judge_Triggered,"[-0.0, 156.73699951171875, 0.0]","[156.73699951171875, -170.0]","[-156.73699951171875, 0.0, 0.0]","[2, 2]"
2025-10-20 11:05:20,Limit_Judge_Triggered,"[-0.0, 156.73699951171875, 0.0]","[156.73699951171875, -170.0]","[-156.73699951171875, 0.0, 0.0]","[2, 2]"
2025-10-20 11:05:20,Limit_Judge_Triggered,"[-0.0, 156.73699951171875, 0.0]","[156.73699951171875, -170.0]","[-156.73699951171875, 0.0, 0.0]","[2, 2]"
2025-10-20 11:05:20,Limit_Judge_Triggered,"[-0.0, 156.73699951171875, 0.0]","[156.73699951171875, -170.0]","[-156.73699951171875, 0.0, 0.0]","[2, 2]"
2025-10-20 11:05:20,Limit_Judge_Triggered,"[-0.0, 156.73699951171875, 0.0]","[156.73699951171875, -170.0]","[-156.73699951171875, 0.0, 0.0]","[2, 2]"
2025-10-20 11:05:20,Limit_Judge_Triggered,"[-0.0, 156.73699951171875, 0.0]","[156.73699951171875, -170.0]","[-156.73699951171875, 0.0, 0.0]","[2, 2]"
2025-10-20 11:05:20,Limit_Judge_Triggered,"[-0.0, 156.73699951171875, 0.0]","[156.73699951171875, -170.0]","[-156.73699951171875, 0.0, 0.0]","[2, 2]"
2025-10-20 11:05:20,Limit_Judge_Triggered,"[-0.0, 156.73699951171875, 0.0]","[156.73699951171875, -170.0]","[-156.73699951171875, 0.0, 0.0]","[2, 2]"
2025-10-20 11:05:20,Limit_Judge_Triggered,"[-0.0, 156.73699951171875, 0.0]","[156.73699951171875, -170.0]","[-156.73699951171875, 0.0, 0.0]","[2, 2]"
2025-10-20 11:05:20,Limit_Judge_Triggered,"[-0.0, 156.73699951171875, 0.0]","[156.73699951171875, -170.0]","[-156.73699951171875, 0.0, 0.0]","[2, 2]"
2025-10-20 11:05:21,Limit_Judge_Triggered,"[-0.0, 156.73699951171875, 0.0]","[156.73699951171875, -170.0]","[-156.73699951171875, 0.0, 0.0]","[2, 2]"
2025-10-20 11:05:21,Limit_Judge_Triggered,"[-0.0, 156.73699951171875, 0.0]","[156.73699951171875, -170.0]","[-156.73699951171875, 0.0, 0.0]","[2, 2]"
2025-10-20 11:05:21,Limit_Judge_Triggered,"[-0.0, 156.73699951171875, 0.0]","[156.73699951171875, -170.0]","[-156.73699951171875, 0.0, 0.0]","[2, 2]"
2025-10-20 11:05:21,Limit_Judge_Triggered,"[-0.0, 156.73699951171875, 0.0]","[156.73699951171875, -170.0]","[-156.73699951171875, 0.0, 0.0]","[2, 2]"
2025-10-20 11:05:21,Limit_Judge_Triggered,"[-0.0, 156.73699951171875, 0.0]","[156.73699951171875, -170.0]","[-156.73699951171875, 0.0, 0.0]","[2, 2]"
2025-10-20 11:05:21,Limit_Judge_Triggered,"[-0.0, 156.73699951171875, 0.0]","[156.73699951171875, -170.0]","[-156.73699951171875, 0.0, 0.0]","[2, 2]"
2025-10-20 11:05:21,Limit_Judge_Triggered,"[-0.0, 156.73699951171875, 0.0]","[156.73699951171875, -170.0]","[-156.73699951171875, 0.0, 0.0]","[2, 2]"
2025-10-20 11:05:21,Limit_Judge_Triggered,"[-0.0, 156.73699951171875, 0.0]","[156.73699951171875, -170.0]","[-156.73699951171875, 0.0, 0.0]","[2, 2]"
2025-10-20 11:05:21,Limit_Judge_Triggered,"[-0.0, 156.73699951171875, 0.0]","[156.73699951171875, -170.0]","[-156.73699951171875, 0.0, 0.0]","[2, 2]"
2025-10-20 11:05:21,Limit_Judge_Triggered,"[-0.0, 156.73699951171875, 0.0]","[156.73699951171875, -170.0]","[-156.73699951171875, 0.0, 0.0]","[2, 2]"
2025-10-20 11:05:21,Limit_Judge_Triggered,"[-0.0, 156.73699951171875, 0.0]","[156.73699951171875, -170.0]","[-156.73699951171875, 0.0, 0.0]","[2, 2]"
2025-10-20 11:05:21,Limit_Judge_Triggered,"[-0.0, 156.73699951171875, 0.0]","[156.73699951171875, -170.0]","[-156.73699951171875, 0.0, 0.0]","[2, 2]"
2025-10-20 11:05:21,Limit_Judge_Triggered,"[-0.0, 156.73699951171875, 0.0]","[156.73699951171875, -170.0]","[-156.73699951171875, 0.0, 0.0]","[2, 2]"
2025-10-20 11:05:21,Limit_Judge_Triggered,"[-0.0, 156.73699951171875, 0.0]","[156.73699951171875, -170.0]","[-156.73699951171875, 0.0, 0.0]","[2, 2]"
2025-10-20 11:05:21,Limit_Judge_Triggered,"[-0.0, 156.73699951171875, 0.0]","[156.73699951171875, -170.0]","[-156.73699951171875, 0.0, 0.0]","[2, 2]"
2025-10-20 11:05:21,Limit_Judge_Triggered,"[-0.0, 156.73699951171875, 0.0]","[156.73699951171875, -170.0]","[-156.73699951171875, 0.0, 0.0]","[2, 2]"
2025-10-20 11:05:21,Limit_Judge_Triggered,"[-0.0, 156.73699951171875, 0.0]","[156.73699951171875, -170.0]","[-156.73699951171875, 0.0, 0.0]","[2, 2]"
2025-10-20 11:05:21,Limit_Judge_Triggered,"[-0.0, 156.73699951171875, 0.0]","[156.73699951171875, -170.0]","[-156.73699951171875, 0.0, 0.0]","[2, 2]"
2025-10-20 11:05:21,Limit_Judge_Triggered,"[-0.0, 156.73699951171875, 0.0]","[156.73699951171875, -170.0]","[-156.73699951171875, 0.0, 0.0]","[2, 2]"
2025-10-20 11:05:21,Limit_Judge_Triggered,"[-0.0, 156.73699951171875, 0.0]","[156.73699951171875, -170.0]","[-156.73699951171875, 0.0, 0.0]","[2, 2]"
2025-10-20 11:05:21,Limit_Judge_Triggered,"[-0.0, 156.73699951171875, 0.0]","[156.73699951171875, -170.0]","[-156.73699951171875, 0.0, 0.0]","[2, 2]"
2025-10-20 11:05:21,Limit_Judge_Triggered,"[-0.0, 156.73699951171875, 0.0]","[156.73699951171875, -170.0]","[-156.73699951171875, 0.0, 0.0]","[2, 2]"
2025-10-20 11:05:21,Limit_Judge_Triggered,"[-0.0, 156.73699951171875, 0.0]","[156.73699951171875, -170.0]","[-156.73699951171875, 0.0, 0.0]","[2, 2]"
2025-10-20 11:05:21,Limit_Judge_Triggered,"[-0.0, 156.73699951171875, 0.0]","[156.73699951171875, -170.0]","[-156.73699951171875, 0.0, 0.0]","[2, 2]"
2025-10-20 11:05:21,Limit_Judge_Triggered,"[-0.0, 156.73699951171875, 0.0]","[156.73699951171875, -170.0]","[-156.73699951171875, 0.0, 0.0]","[2, 2]"
2025-10-20 11:05:22,Limit_Judge_Triggered,"[-0.0, 156.73699951171875, 0.0]","[156.73699951171875, -170.0]","[-156.73699951171875, 0.0, 0.0]","[2, 2]"
2025-10-20 11:05:22,Limit_Judge_Triggered,"[-0.0, 156.73699951171875, 0.0]","[156.73699951171875, -170.0]","[-156.73699951171875, 0.0, 0.0]","[2, 2]"
2025-10-20 11:05:22,Limit_Judge_Triggered,"[-0.0, 156.73699951171875, 0.0]","[156.73699951171875, -170.0]","[-156.73699951171875, 0.0, 0.0]","[2, 2]"
2025-10-20 11:05:22,Limit_Judge_Triggered,"[-0.0, 156.73699951171875, 0.0]","[156.73699951171875, -170.0]","[-156.73699951171875, 0.0, 0.0]","[2, 2]"
2025-10-20 11:05:22,Limit_Judge_Triggered,"[-0.0, 156.73699951171875, 0.0]","[156.73699951171875, -170.0]","[-156.73699951171875, 0.0, 0.0]","[2, 2]"
2025-10-20 11:05:22,Limit_Judge_Triggered,"[-0.0, 156.73699951171875, 0.0]","[156.73699951171875, -170.0]","[-156.73699951171875, 0.0, 0.0]","[2, 2]"
2025-10-20 11:05:22,Limit_Judge_Triggered,"[-0.0, 156.73699951171875, 0.0]","[156.73699951171875, -170.0]","[-156.73699951171875, 0.0, 0.0]","[2, 2]"
2025-10-20 11:05:22,Limit_Judge_Triggered,"[-0.0, 156.73699951171875, 0.0]","[156.73699951171875, -170.0]","[-156.73699951171875, 0.0, 0.0]","[2, 2]"
2025-10-20 11:05:22,Limit_Judge_Triggered,"[-0.0, 156.73699951171875, 0.0]","[156.73699951171875, -170.0]","[-156.73699951171875, 0.0, 0.0]","[2, 2]"
2025-10-20 11:05:22,Limit_Judge_Triggered,"[-0.0, 156.73699951171875, 0.0]","[156.73699951171875, -170.0]","[-156.73699951171875, 0.0, 0.0]","[2, 2]"
2025-10-20 11:05:22,Limit_Judge_Triggered,"[-0.0, 156.73699951171875, 0.0]","[156.73699951171875, -170.0]","[-156.73699951171875, 0.0, 0.0]","[2, 2]"
2025-10-20 11:05:22,Limit_Judge_Triggered,"[-0.0, 156.73699951171875, 0.0]","[156.73699951171875, -170.0]","[-156.73699951171875, 0.0, 0.0]","[2, 2]"
2025-10-20 11:05:22,Limit_Judge_Triggered,"[-0.0, 156.73699951171875, 0.0]","[156.73699951171875, -170.0]","[-156.73699951171875, 0.0, 0.0]","[2, 2]"
2025-10-20 11:05:22,Limit_Judge_Triggered,"[-0.0, 156.73699951171875, 0.0]","[156.73699951171875, -170.0]","[-156.73699951171875, 0.0, 0.0]","[2, 2]"
2025-10-20 11:05:22,Limit_Judge_Triggered,"[-0.0, 156.73699951171875, 0.0]","[156.73699951171875, -170.0]","[-156.73699951171875, 0.0, 0.0]","[2, 2]"
2025-10-20 11:05:22,Limit_Judge_Triggered,"[-0.0, 156.73699951171875, 0.0]","[156.73699951171875, -170.0]","[-156.73699951171875, 0.0, 0.0]","[2, 2]"
2025-10-20 11:05:22,Limit_Judge_Triggered,"[-0.0, 156.73699951171875, 0.0]","[156.73699951171875, -170.0]","[-156.73699951171875, 0.0, 0.0]","[2, 2]"
2025-10-20 11:05:22,Limit_Judge_Triggered,"[-0.0, 156.73699951171875, 0.0]","[156.73699951171875, -170.0]","[-156.73699951171875, 0.0, 0.0]","[2, 2]"
2025-10-20 11:05:22,Limit_Judge_Triggered,"[-0.0, 156.73699951171875, 0.0]","[156.73699951171875, -170.0]","[-156.73699951171875, 0.0, 0.0]","[2, 2]"
2025-10-20 11:05:22,Limit_Judge_Triggered,"[-0.0, 156.73699951171875, 0.0]","[156.73699951171875, -170.0]","[-156.73699951171875, 0.0, 0.0]","[2, 2]"
2025-10-20 11:05:22,Limit_Judge_Triggered,"[-0.0, 156.73699951171875, 0.0]","[156.73699951171875, -170.0]","[-156.73699951171875, 0.0, 0.0]","[2, 2]"
2025-10-20 11:05:22,Limit_Judge_Triggered,"[-0.0, 156.73699951171875, 0.0]","[156.73699951171875, -170.0]","[-156.73699951171875, 0.0, 0.0]","[2, 2]"
2025-10-20 11:05:22,Limit_Judge_Triggered,"[-0.0, 156.73699951171875, 0.0]","[156.73699951171875, -170.0]","[-156.73699951171875, 0.0, 0.0]","[2, 2]"
2025-10-20 11:05:22,Limit_Judge_Triggered,"[-0.0, 156.73699951171875, 0.0]","[156.73699951171875, -170.0]","[-156.73699951171875, 0.0, 0.0]","[2, 2]"
2025-10-20 11:05:22,Limit_Judge_Triggered,"[-0.0, 156.73699951171875, 0.0]","[156.73699951171875, -170.0]","[-156.73699951171875, 0.0, 0.0]","[2, 2]"
2025-10-20 11:05:23,Limit_Judge_Triggered,"[-0.0, 156.73699951171875, 0.0]","[156.73699951171875, -170.0]","[-156.73699951171875, 0.0, 0.0]","[2, 2]"
2025-10-20 11:05:23,Limit_Judge_Triggered,"[-0.0, 156.73699951171875, 0.0]","[156.73699951171875, -170.0]","[-156.73699951171875, 0.0, 0.0]","[2, 2]"
2025-10-20 11:05:23,Limit_Judge_Triggered,"[-0.0, 156.73699951171875, 0.0]","[156.73699951171875, -170.0]","[-156.73699951171875, 0.0, 0.0]","[2, 2]"
2025-10-20 11:05:23,Limit_Judge_Triggered,"[-0.0, 156.73699951171875, 0.0]","[156.73699951171875, -170.0]","[-156.73699951171875, 0.0, 0.0]","[2, 2]"
2025-10-20 11:05:23,Limit_Judge_Triggered,"[-0.0, 156.73699951171875, 0.0]","[156.73699951171875, -170.0]","[-156.73699951171875, 0.0, 0.0]","[2, 2]"
2025-10-20 11:05:23,Limit_Judge_Triggered,"[-0.0, 156.73699951171875, 0.0]","[156.73699951171875, -170.0]","[-156.73699951171875, 0.0, 0.0]","[2, 2]"
2025-10-20 11:05:23,Limit_Judge_Triggered,"[-0.0, 156.73699951171875, 0.0]","[156.73699951171875, -170.0]","[-156.73699951171875, 0.0, 0.0]","[2, 2]"
2025-10-20 11:05:23,Limit_Judge_Triggered,"[-0.0, 156.73699951171875, 0.0]","[156.73699951171875, -170.0]","[-156.73699951171875, 0.0, 0.0]","[2, 2]"
2025-10-20 11:05:23,Limit_Judge_Triggered,"[-0.0, 156.73699951171875, 0.0]","[156.73699951171875, -170.0]","[-156.73699951171875, 0.0, 0.0]","[2, 2]"
2025-10-20 11:05:23,Limit_Judge_Triggered,"[-0.0, 156.73699951171875, 0.0]","[156.73699951171875, -170.0]","[-156.73699951171875, 0.0, 0.0]","[2, 2]"
2025-10-20 11:05:23,Limit_Judge_Triggered,"[-0.0, 156.73699951171875, 0.0]","[156.73699951171875, -170.0]","[-156.73699951171875, 0.0, 0.0]","[2, 2]"
2025-10-20 11:05:23,Limit_Judge_Triggered,"[-0.0, 156.73699951171875, 0.0]","[156.73699951171875, -170.0]","[-156.73699951171875, 0.0, 0.0]","[2, 2]"
2025-10-20 11:05:23,Limit_Judge_Triggered,"[-0.0, 156.73699951171875, 0.0]","[156.73699951171875, -170.0]","[-156.73699951171875, 0.0, 0.0]","[2, 2]"
2025-10-20 11:05:23,Limit_Judge_Triggered,"[-0.0, 156.73699951171875, 0.0]","[156.73699951171875, -170.0]","[-156.73699951171875, 0.0, 0.0]","[2, 2]"
2025-10-20 11:05:23,Limit_Judge_Triggered,"[-0.0, 156.73699951171875, 0.0]","[156.73699951171875, -170.0]","[-156.73699951171875, 0.0, 0.0]","[2, 2]"
2025-10-20 11:05:23,Limit_Judge_Triggered,"[-0.0, 156.73699951171875, 0.0]","[156.73699951171875, -170.0]","[-156.73699951171875, 0.0, 0.0]","[2, 2]"
2025-10-20 11:05:23,Limit_Judge_Triggered,"[-0.0, 156.73699951171875, 0.0]","[156.73699951171875, -170.0]","[-156.73699951171875, 0.0, 0.0]","[2, 2]"
2025-10-20 11:05:23,Limit_Judge_Triggered,"[-0.0, 156.73699951171875, 0.0]","[156.73699951171875, -170.0]","[-156.73699951171875, 0.0, 0.0]","[2, 2]"
2025-10-20 11:05:23,Limit_Judge_Triggered,"[-0.0, 156.73699951171875, 0.0]","[156.73699951171875, -170.0]","[-156.73699951171875, 0.0, 0.0]","[2, 2]"
2025-10-20 11:05:23,Limit_Judge_Triggered,"[-0.0, 156.73699951171875, 0.0]","[156.73699951171875, -170.0]","[-156.73699951171875, 0.0, 0.0]","[2, 2]"
2025-10-20 11:05:23,Limit_Judge_Triggered,"[-0.0, 156.73699951171875, 0.0]","[156.73699951171875, -170.0]","[-156.73699951171875, 0.0, 0.0]","[2, 2]"
2025-10-20 11:05:23,Limit_Judge_Triggered,"[-0.0, 156.73699951171875, 0.0]","[156.73699951171875, -170.0]","[-156.73699951171875, 0.0, 0.0]","[2, 2]"
2025-10-20 11:05:23,Limit_Judge_Triggered,"[-0.0, 156.73699951171875, 0.0]","[156.73699951171875, -170.0]","[-156.73699951171875, 0.0, 0.0]","[2, 2]"
2025-10-20 11:05:23,Limit_Judge_Triggered,"[-0.0, 156.73699951171875, 0.0]","[156.73699951171875, -170.0]","[-156.73699951171875, 0.0, 0.0]","[2, 2]"
2025-10-20 11:05:23,Limit_Judge_Triggered,"[-0.0, 156.73699951171875, 0.0]","[156.73699951171875, -170.0]","[-156.73699951171875, 0.0, 0.0]","[2, 2]"
2025-10-20 11:05:24,Limit_Judge_Triggered,"[-0.0, 156.73699951171875, 0.0]","[156.73699951171875, -170.0]","[-156.73699951171875, 0.0, 0.0]","[2, 2]"
2025-10-20 11:05:24,Limit_Judge_Triggered,"[-0.0, 156.73699951171875, 0.0]","[156.73699951171875, -170.0]","[-156.73699951171875, 0.0, 0.0]","[2, 2]"
2025-10-20 11:05:24,Limit_Judge_Triggered,"[-0.0, 156.73699951171875, 0.0]","[156.73699951171875, -170.0]","[-156.73699951171875, 0.0, 0.0]","[2, 2]"
2025-10-20 11:05:24,Limit_Judge_Triggered,"[-0.0, 156.73699951171875, 0.0]","[156.73699951171875, -170.0]","[-156.73699951171875, 0.0, 0.0]","[2, 2]"
2025-10-20 11:05:24,Limit_Judge_Triggered,"[-0.0, 156.73699951171875, 0.0]","[156.73699951171875, -170.0]","[-156.73699951171875, 0.0, 0.0]","[2, 2]"
2025-10-20 11:05:24,Limit_Judge_Triggered,"[-0.0, 156.73699951171875, 0.0]","[156.73699951171875, -170.0]","[-156.73699951171875, 0.0, 0.0]","[2, 2]"
2025-10-20 11:05:24,Limit_Judge_Triggered,"[-0.0, 156.73699951171875, 0.0]","[156.73699951171875, -170.0]","[-156.73699951171875, 0.0, 0.0]","[2, 2]"
2025-10-20 11:05:24,Limit_Judge_Triggered,"[-0.0, 156.73699951171875, 0.0]","[156.73699951171875, -170.0]","[-156.73699951171875, 0.0, 0.0]","[2, 2]"
2025-10-20 11:05:24,Limit_Judge_Triggered,"[-0.0, 156.73699951171875, 0.0]","[156.73699951171875, -170.0]","[-156.73699951171875, 0.0, 0.0]","[2, 2]"
2025-10-20 11:05:24,Limit_Judge_Triggered,"[-0.0, 156.73699951171875, 0.0]","[156.73699951171875, -170.0]","[-156.73699951171875, 0.0, 0.0]","[2, 2]"
2025-10-20 11:05:24,Limit_Judge_Triggered,"[-0.0, 156.73699951171875, 0.0]","[156.73699951171875, -170.0]","[-156.73699951171875, 0.0, 0.0]","[2, 2]"
2025-10-20 11:05:24,Limit_Judge_Triggered,"[-0.0, 156.73699951171875, 0.0]","[156.73699951171875, -170.0]","[-156.73699951171875, 0.0, 0.0]","[2, 2]"
2025-10-20 11:05:24,Limit_Judge_Triggered,"[-0.0, 156.73699951171875, 0.0]","[156.73699951171875, -170.0]","[-156.73699951171875, 0.0, 0.0]","[2, 2]"
2025-10-20 11:05:24,Limit_Judge_Triggered,"[-0.0, 156.73699951171875, 0.0]","[156.73699951171875, -170.0]","[-156.73699951171875, 0.0, 0.0]","[2, 2]"
2025-10-20 11:05:24,Limit_Judge_Triggered,"[-0.0, 156.73699951171875, 0.0]","[156.73699951171875, -170.0]","[-156.73699951171875, 0.0, 0.0]","[2, 2]"
2025-10-20 11:05:24,Limit_Judge_Triggered,"[-0.0, 156.73699951171875, 0.0]","[156.73699951171875, -170.0]","[-156.73699951171875, 0.0, 0.0]","[2, 2]"
2025-10-20 11:05:24,Limit_Judge_Triggered,"[-0.0, 156.73699951171875, 0.0]","[156.73699951171875, -170.0]","[-156.73699951171875, 0.0, 0.0]","[2, 2]"
2025-10-20 11:05:24,Limit_Judge_Triggered,"[-0.0, 156.73699951171875, 0.0]","[156.73699951171875, -170.0]","[-156.73699951171875, 0.0, 0.0]","[2, 2]"
2025-10-20 11:05:24,Limit_Judge_Triggered,"[-0.0, 156.73699951171875, 0.0]","[156.73699951171875, -170.0]","[-156.73699951171875, 0.0, 0.0]","[2, 2]"
2025-10-20 11:05:24,Limit_Judge_Triggered,"[-0.0, 156.73699951171875, 0.0]","[156.73699951171875, -170.0]","[-156.73699951171875, 0.0, 0.0]","[2, 2]"
2025-10-20 11:05:24,Limit_Judge_Triggered,"[-0.0, 156.73699951171875, 0.0]","[156.73699951171875, -170.0]","[-156.73699951171875, 0.0, 0.0]","[2, 2]"
2025-10-20 11:05:24,Limit_Judge_Triggered,"[-0.0, 156.73699951171875, 0.0]","[156.73699951171875, -170.0]","[-156.73699951171875, 0.0, 0.0]","[2, 2]"
2025-10-20 11:05:24,Limit_Judge_Triggered,"[-0.0, 156.73699951171875, 0.0]","[156.73699951171875, -170.0]","[-156.73699951171875, 0.0, 0.0]","[2, 2]"
2025-10-20 11:05:24,Limit_Judge_Triggered,"[-0.0, 156.73699951171875, 0.0]","[156.73699951171875, -170.0]","[-156.73699951171875, 0.0, 0.0]","[2, 2]"
2025-10-20 11:05:24,Limit_Judge_Triggered,"[-0.0, 156.73699951171875, 0.0]","[156.73699951171875, -170.0]","[-156.73699951171875, 0.0, 0.0]","[2, 2]"
2025-10-20 11:05:25,Limit_Judge_Triggered,"[-0.0, 156.73699951171875, 0.0]","[156.73699951171875, -170.0]","[-156.73699951171875, 0.0, 0.0]","[2, 2]"
2025-10-20 11:05:25,Limit_Judge_Triggered,"[-0.0, 156.73699951171875, 0.0]","[156.73699951171875, -170.0]","[-156.73699951171875, 0.0, 0.0]","[2, 2]"
2025-10-20 11:05:25,Limit_Judge_Triggered,"[-0.0, 156.73699951171875, 0.0]","[156.73699951171875, -170.0]","[-156.73699951171875, 0.0, 0.0]","[2, 2]"
2025-10-20 11:05:25,Limit_Judge_Triggered,"[-0.0, 156.73699951171875, 0.0]","[156.73699951171875, -170.0]","[-156.73699951171875, 0.0, 0.0]","[2, 2]"
2025-10-20 11:05:25,Limit_Judge_Triggered,"[-0.0, 156.73699951171875, 0.0]","[156.73699951171875, -170.0]","[-156.73699951171875, 0.0, 0.0]","[2, 2]"
2025-10-20 11:05:25,Limit_Judge_Triggered,"[-0.0, 156.73699951171875, 0.0]","[156.73699951171875, -170.0]","[-156.73699951171875, 0.0, 0.0]","[2, 2]"
2025-10-20 11:05:25,Limit_Judge_Triggered,"[-0.0, 156.73699951171875, 0.0]","[156.73699951171875, -170.0]","[-156.73699951171875, 0.0, 0.0]","[2, 2]"
2025-10-20 11:05:25,Limit_Judge_Triggered,"[-0.0, 156.73699951171875, 0.0]","[156.73699951171875, -170.0]","[-156.73699951171875, 0.0, 0.0]","[2, 2]"
2025-10-20 11:05:25,Limit_Judge_Triggered,"[-0.0, 156.73699951171875, 0.0]","[156.73699951171875, -170.0]","[-156.73699951171875, 0.0, 0.0]","[2, 2]"
2025-10-20 11:05:25,Limit_Judge_Triggered,"[-0.0, 156.73699951171875, 0.0]","[156.73699951171875, -170.0]","[-156.73699951171875, 0.0, 0.0]","[2, 2]"
2025-10-20 11:05:25,Limit_Judge_Triggered,"[-0.0, 156.73699951171875, 0.0]","[156.73699951171875, -170.0]","[-156.73699951171875, 0.0, 0.0]","[2, 2]"
2025-10-20 11:05:25,Limit_Judge_Triggered,"[-0.0, 156.73699951171875, 0.0]","[156.73699951171875, -170.0]","[-156.73699951171875, 0.0, 0.0]","[2, 2]"
2025-10-20 11:05:25,Limit_Judge_Triggered,"[-0.0, 156.73699951171875, 0.0]","[156.73699951171875, -170.0]","[-156.73699951171875, 0.0, 0.0]","[2, 2]"
2025-10-20 11:05:25,Limit_Judge_Triggered,"[-0.0, 156.73699951171875, 0.0]","[156.73699951171875, -170.0]","[-156.73699951171875, 0.0, 0.0]","[2, 2]"
2025-10-20 11:05:25,Limit_Judge_Triggered,"[-0.0, 156.73699951171875, 0.0]","[156.73699951171875, -170.0]","[-156.73699951171875, 0.0, 0.0]","[2, 2]"
2025-10-20 11:05:25,Limit_Judge_Triggered,"[-0.0, 156.73699951171875, 0.0]","[156.73699951171875, -170.0]","[-156.73699951171875, 0.0, 0.0]","[2, 2]"
2025-10-20 11:05:25,Limit_Judge_Triggered,"[-0.0, 156.73699951171875, 0.0]","[156.73699951171875, -170.0]","[-156.73699951171875, 0.0, 0.0]","[2, 2]"
2025-10-20 11:05:25,Limit_Judge_Triggered,"[-0.0, 156.73699951171875, 0.0]","[156.73699951171875, -170.0]","[-156.73699951171875, 0.0, 0.0]","[2, 2]"
2025-10-20 11:05:25,Limit_Judge_Triggered,"[-0.0, 156.73699951171875, 0.0]","[156.73699951171875, -170.0]","[-156.73699951171875, 0.0, 0.0]","[2, 2]"
2025-10-20 11:05:25,Limit_Judge_Triggered,"[-0.0, 156.73699951171875, 0.0]","[156.73699951171875, -170.0]","[-156.73699951171875, 0.0, 0.0]","[2, 2]"
2025-10-20 11:05:25,Limit_Judge_Triggered,"[-0.0, 156.73699951171875, 0.0]","[156.73699951171875, -170.0]","[-156.73699951171875, 0.0, 0.0]","[2, 2]"
2025-10-20 11:05:25,Limit_Judge_Triggered,"[-0.0, 156.73699951171875, 0.0]","[156.73699951171875, -170.0]","[-156.73699951171875, 0.0, 0.0]","[2, 2]"
2025-10-20 11:05:25,Limit_Judge_Triggered,"[-0.0, 156.73699951171875, 0.0]","[156.73699951171875, -170.0]","[-156.73699951171875, 0.0, 0.0]","[2, 2]"
2025-10-20 11:05:25,Limit_Judge_Triggered,"[-0.0, 156.73699951171875, 0.0]","[156.73699951171875, -170.0]","[-156.73699951171875, 0.0, 0.0]","[2, 2]"
2025-10-20 11:05:25,Limit_Judge_Triggered,"[-0.0, 156.73699951171875, 0.0]","[156.73699951171875, -170.0]","[-156.73699951171875, 0.0, 0.0]","[2, 2]"
2025-10-20 11:05:26,Limit_Judge_Triggered,"[-0.0, 156.73699951171875, 0.0]","[156.73699951171875, -170.0]","[-156.73699951171875, 0.0, 0.0]","[2, 2]"
2025-10-20 11:05:26,Limit_Judge_Triggered,"[-0.0, 156.73699951171875, 0.0]","[156.73699951171875, -170.0]","[-156.73699951171875, 0.0, 0.0]","[2, 2]"
2025-10-20 11:05:26,Limit_Judge_Triggered,"[-0.0, 156.73699951171875, 0.0]","[156.73699951171875, -170.0]","[-156.73699951171875, 0.0, 0.0]","[2, 2]"
2025-10-20 11:05:26,Limit_Judge_Triggered,"[-0.0, 156.73699951171875, 0.0]","[156.73699951171875, -170.0]","[-156.73699951171875, 0.0, 0.0]","[2, 2]"
2025-10-20 11:05:26,Limit_Judge_Triggered,"[-0.0, 156.73699951171875, 0.0]","[156.73699951171875, -170.0]","[-156.73699951171875, 0.0, 0.0]","[2, 2]"
2025-10-20 11:05:26,Limit_Judge_Triggered,"[-0.0, 156.73699951171875, 0.0]","[156.73699951171875, -170.0]","[-156.73699951171875, 0.0, 0.0]","[2, 2]"
2025-10-20 11:05:26,Limit_Judge_Triggered,"[-0.0, 156.73699951171875, 0.0]","[156.73699951171875, -170.0]","[-156.73699951171875, 0.0, 0.0]","[2, 2]"
2025-10-20 11:05:26,Limit_Judge_Triggered,"[-0.0, 156.73699951171875, 0.0]","[156.73699951171875, -170.0]","[-156.73699951171875, 0.0, 0.0]","[2, 2]"
2025-10-20 11:05:26,Limit_Judge_Triggered,"[-0.0, 156.73699951171875, 0.0]","[156.73699951171875, -170.0]","[-156.73699951171875, 0.0, 0.0]","[2, 2]"
2025-10-20 11:05:26,Limit_Judge_Triggered,"[-0.0, 156.73699951171875, 0.0]","[156.73699951171875, -170.0]","[-156.73699951171875, 0.0, 0.0]","[2, 2]"
2025-10-20 11:05:26,Limit_Judge_Triggered,"[-0.0, 156.73699951171875, 0.0]","[156.73699951171875, -170.0]","[-156.73699951171875, 0.0, 0.0]","[2, 2]"
2025-10-20 11:05:26,Limit_Judge_Triggered,"[-0.0, 156.73699951171875, 0.0]","[156.73699951171875, -170.0]","[-156.73699951171875, 0.0, 0.0]","[2, 2]"
2025-10-20 11:05:26,Limit_Judge_Triggered,"[-0.0, 156.73699951171875, 0.0]","[156.73699951171875, -170.0]","[-156.73699951171875, 0.0, 0.0]","[2, 2]"
2025-10-20 11:05:26,Limit_Judge_Triggered,"[-0.0, 156.73699951171875, 0.0]","[156.73699951171875, -170.0]","[-156.73699951171875, 0.0, 0.0]","[2, 2]"
2025-10-20 11:05:26,Limit_Judge_Triggered,"[-0.0, 156.73699951171875, 0.0]","[156.73699951171875, -170.0]","[-156.73699951171875, 0.0, 0.0]","[2, 2]"
2025-10-20 11:05:26,Limit_Judge_Triggered,"[-0.0, 156.73699951171875, 0.0]","[156.73699951171875, -170.0]","[-156.73699951171875, 0.0, 0.0]","[2, 2]"
2025-10-20 11:05:26,Limit_Judge_Triggered,"[-0.0, 156.73699951171875, 0.0]","[156.73699951171875, -170.0]","[-156.73699951171875, 0.0, 0.0]","[2, 2]"
2025-10-20 11:05:26,Limit_Judge_Triggered,"[-0.0, 156.73699951171875, 0.0]","[156.73699951171875, -170.0]","[-156.73699951171875, 0.0, 0.0]","[2, 2]"
2025-10-20 11:05:26,Limit_Judge_Triggered,"[-0.0, 156.73699951171875, 0.0]","[156.73699951171875, -170.0]","[-156.73699951171875, 0.0, 0.0]","[2, 2]"
2025-10-20 11:05:26,Limit_Judge_Triggered,"[-0.0, 156.73699951171875, 0.0]","[156.73699951171875, -170.0]","[-156.73699951171875, 0.0, 0.0]","[2, 2]"
2025-10-20 11:05:26,Limit_Judge_Triggered,"[-0.0, 156.73699951171875, 0.0]","[156.73699951171875, -170.0]","[-156.73699951171875, 0.0, 0.0]","[2, 2]"
2025-10-20 11:05:26,Limit_Judge_Triggered,"[-0.0, 156.73699951171875, 0.0]","[156.73699951171875, -170.0]","[-156.73699951171875, 0.0, 0.0]","[2, 2]"
2025-10-20 11:05:26,Limit_Judge_Triggered,"[-0.0, 156.73699951171875, 0.0]","[156.73699951171875, -170.0]","[-156.73699951171875, 0.0, 0.0]","[2, 2]"
2025-10-20 11:05:26,Limit_Judge_Triggered,"[-0.0, 156.73699951171875, 0.0]","[156.73699951171875, -170.0]","[-156.73699951171875, 0.0, 0.0]","[2, 2]"
2025-10-20 11:05:26,Limit_Judge_Triggered,"[-0.0, 156.73699951171875, 0.0]","[156.73699951171875, -170.0]","[-156.73699951171875, 0.0, 0.0]","[2, 2]"
2025-10-20 11:05:27,Limit_Judge_Triggered,"[-0.0, 156.73699951171875, 0.0]","[156.73699951171875, -170.0]","[-156.73699951171875, 0.0, 0.0]","[2, 2]"
2025-10-20 11:05:27,Limit_Judge_Triggered,"[-0.0, 156.73699951171875, 0.0]","[156.73699951171875, -170.0]","[-156.73699951171875, 0.0, 0.0]","[2, 2]"
2025-10-20 11:05:27,Limit_Judge_Triggered,"[-0.0, 156.73699951171875, 0.0]","[156.73699951171875, -170.0]","[-156.73699951171875, 0.0, 0.0]","[2, 2]"
2025-10-20 11:05:27,Limit_Judge_Triggered,"[-0.0, 156.73699951171875, 0.0]","[156.73699951171875, -170.0]","[-156.73699951171875, 0.0, 0.0]","[2, 2]"
2025-10-20 11:05:27,Limit_Judge_Triggered,"[-0.0, 156.73699951171875, 0.0]","[156.73699951171875, -170.0]","[-156.73699951171875, 0.0, 0.0]","[2, 2]"
2025-10-20 11:05:27,Limit_Judge_Triggered,"[-0.0, 156.73699951171875, 0.0]","[156.73699951171875, -170.0]","[-156.73699951171875, 0.0, 0.0]","[2, 2]"
2025-10-20 11:05:27,Limit_Judge_Triggered,"[-0.0, 156.73699951171875, 0.0]","[156.73699951171875, -170.0]","[-156.73699951171875, 0.0, 0.0]","[2, 2]"
2025-10-20 11:05:27,Limit_Judge_Triggered,"[-0.0, 156.73699951171875, 0.0]","[156.73699951171875, -170.0]","[-156.73699951171875, 0.0, 0.0]","[2, 2]"
2025-10-20 11:05:27,Limit_Judge_Triggered,"[-0.0, 156.73699951171875, 0.0]","[156.73699951171875, -170.0]","[-156.73699951171875, 0.0, 0.0]","[2, 2]"
2025-10-20 11:05:27,Limit_Judge_Triggered,"[-0.0, 156.73699951171875, 0.0]","[156.73699951171875, -170.0]","[-156.73699951171875, 0.0, 0.0]","[2, 2]"
2025-10-20 11:05:27,Limit_Judge_Triggered,"[-0.0, 156.73699951171875, 0.0]","[156.73699951171875, -170.0]","[-156.73699951171875, 0.0, 0.0]","[2, 2]"
2025-10-20 11:05:27,Limit_Judge_Triggered,"[-0.0, 156.73699951171875, 0.0]","[156.73699951171875, -170.0]","[-156.73699951171875, 0.0, 0.0]","[2, 2]"
2025-10-20 11:05:27,Limit_Judge_Triggered,"[-0.0, 156.73699951171875, 0.0]","[156.73699951171875, -170.0]","[-156.73699951171875, 0.0, 0.0]","[2, 2]"
2025-10-20 11:05:27,Limit_Judge_Triggered,"[-0.0, 156.73699951171875, 0.0]","[156.73699951171875, -170.0]","[-156.73699951171875, 0.0, 0.0]","[2, 2]"
2025-10-20 11:05:27,Limit_Judge_Triggered,"[-0.0, 156.73699951171875, 0.0]","[156.73699951171875, -170.0]","[-156.73699951171875, 0.0, 0.0]","[2, 2]"
2025-10-20 11:05:27,Limit_Judge_Triggered,"[-0.0, 156.73699951171875, 0.0]","[156.73699951171875, -170.0]","[-156.73699951171875, 0.0, 0.0]","[2, 2]"
2025-10-20 11:05:27,Limit_Judge_Triggered,"[-0.0, 156.73699951171875, 0.0]","[156.73699951171875, -170.0]","[-156.73699951171875, 0.0, 0.0]","[2, 2]"
2025-10-20 11:05:27,Limit_Judge_Triggered,"[-0.0, 156.73699951171875, 0.0]","[156.73699951171875, -170.0]","[-156.73699951171875, 0.0, 0.0]","[2, 2]"
2025-10-20 11:05:27,Limit_Judge_Triggered,"[-0.0, 156.73699951171875, 0.0]","[156.73699951171875, -170.0]","[-156.73699951171875, 0.0, 0.0]","[2, 2]"
2025-10-20 11:05:27,Limit_Judge_Triggered,"[-0.0, 156.73699951171875, 0.0]","[156.73699951171875, -170.0]","[-156.73699951171875, 0.0, 0.0]","[2, 2]"
2025-10-20 11:05:27,Limit_Judge_Triggered,"[-0.0, 156.73699951171875, 0.0]","[156.73699951171875, -170.0]","[-156.73699951171875, 0.0, 0.0]","[2, 2]"
2025-10-20 11:05:27,Limit_Judge_Triggered,"[-0.0, 156.73699951171875, 0.0]","[156.73699951171875, -170.0]","[-156.73699951171875, 0.0, 0.0]","[2, 2]"
2025-10-20 11:05:27,Limit_Judge_Triggered,"[-0.0, 156.73699951171875, 0.0]","[156.73699951171875, -170.0]","[-156.73699951171875, 0.0, 0.0]","[2, 2]"
2025-10-20 11:05:27,Limit_Judge_Triggered,"[-0.0, 156.73699951171875, 0.0]","[156.73699951171875, -170.0]","[-156.73699951171875, 0.0, 0.0]","[2, 2]"
2025-10-20 11:05:27,Limit_Judge_Triggered,"[-0.0, 156.73699951171875, 0.0]","[156.73699951171875, -170.0]","[-156.73699951171875, 0.0, 0.0]","[2, 2]"
2025-10-20 11:05:28,Limit_Judge_Triggered,"[-0.0, 156.73699951171875, 0.0]","[156.73699951171875, -170.0]","[-156.73699951171875, 0.0, 0.0]","[2, 2]"
2025-10-20 11:05:28,Limit_Judge_Triggered,"[-0.0, 156.73699951171875, 0.0]","[156.73699951171875, -170.0]","[-156.73699951171875, 0.0, 0.0]","[2, 2]"
2025-10-20 11:05:28,Limit_Judge_Triggered,"[-0.0, 156.73699951171875, 0.0]","[156.73699951171875, -170.0]","[-156.73699951171875, 0.0, 0.0]","[2, 2]"
2025-10-20 11:05:28,Limit_Judge_Triggered,"[-0.0, 156.73699951171875, 0.0]","[156.73699951171875, -170.0]","[-156.73699951171875, 0.0, 0.0]","[2, 2]"
2025-10-20 11:05:28,Limit_Judge_Triggered,"[-0.0, 156.73699951171875, 0.0]","[156.73699951171875, -170.0]","[-156.73699951171875, 0.0, 0.0]","[2, 2]"
2025-10-20 11:05:28,Limit_Judge_Triggered,"[-0.0, 156.73699951171875, 0.0]","[156.73699951171875, -170.0]","[-156.73699951171875, 0.0, 0.0]","[2, 2]"
2025-10-20 11:05:28,Limit_Judge_Triggered,"[-0.0, 156.73699951171875, 0.0]","[156.73699951171875, -170.0]","[-156.73699951171875, 0.0, 0.0]","[2, 2]"
2025-10-20 11:05:28,Limit_Judge_Triggered,"[-0.0, 156.73699951171875, 0.0]","[156.73699951171875, -170.0]","[-156.73699951171875, 0.0, 0.0]","[2, 2]"
2025-10-20 11:05:28,Limit_Judge_Triggered,"[-0.0, 156.73699951171875, 0.0]","[156.73699951171875, -170.0]","[-156.73699951171875, 0.0, 0.0]","[2, 2]"
2025-10-20 11:05:28,Limit_Judge_Triggered,"[-0.0, 156.73699951171875, 0.0]","[156.73699951171875, -170.0]","[-156.73699951171875, 0.0, 0.0]","[2, 2]"
2025-10-20 11:05:28,Limit_Judge_Triggered,"[-0.0, 156.73699951171875, 0.0]","[156.73699951171875, -170.0]","[-156.73699951171875, 0.0, 0.0]","[2, 2]"
2025-10-20 11:05:28,Limit_Judge_Triggered,"[-0.0, 156.73699951171875, 0.0]","[156.73699951171875, -170.0]","[-156.73699951171875, 0.0, 0.0]","[2, 2]"
2025-10-20 11:05:28,4,"[-0.0, 156.73699951171875, 0.0]",[0. 0. 0.],"[-156.73699951171875, 0.0, 0.0]","[2, 2]"
2025-10-20 11:05:28,Motion_Completed,"[-0.0, 156.73699951171875, 0.0]","[-156.73745354246066, -0.0, -0.0]","[-156.73699951171875, 0.0, 0.0]","[2, 2]"
2025-10-20 11:05:30,0,"[-0.0, 156.73699951171875, 0.0]",[0. 0. 0.],"[-156.73699951171875, 0.0, 0.0]","[2, 2]"
2025-10-20 11:05:50,Motion_Completed,"[-0.0, -44.983001708984375, 0.0]","[45.0, 0.0, 0.0]","[44.983001708984375, 0.0, 0.0]","[2, 2]"
2025-10-20 11:05:55,3,"[-0.0, -45.0, 0.0]",[  0. 170.   0.],"[45.0, 0.0, 0.0]","[2, 2]"
2025-10-20 11:06:05,Limit_Judge_Triggered,"[-0.0, 155.38999938964844, 0.0]","[155.38999938964844, -170.0]","[-155.38999938964844, 0.0, 0.0]","[2, 2]"
2025-10-20 11:06:05,Limit_Judge_Triggered,"[-0.0, 156.25999450683594, 0.0]","[156.25999450683594, -170.0]","[-156.25999450683594, 0.0, 0.0]","[2, 2]"
2025-10-20 11:06:05,Limit_Judge_Triggered,"[-0.0, 156.8939971923828, 0.0]","[156.8939971923828, -170.0]","[-156.8939971923828, 0.0, 0.0]","[2, 2]"
2025-10-20 11:06:05,Limit_Judge_Triggered,"[-0.0, 157.3939971923828, 0.0]","[157.3939971923828, -170.0]","[-157.3939971923828, 0.0, 0.0]","[2, 2]"
2025-10-20 11:06:05,Limit_Judge_Triggered,"[-0.0, 157.44000244140625, 0.0]","[157.44000244140625, -170.0]","[-157.44000244140625, 0.0, 0.0]","[2, 2]"
2025-10-20 11:06:05,Limit_Judge_Triggered,"[-0.0, 157.4429931640625, 0.0]","[157.4429931640625, -170.0]","[-157.4429931640625, 0.0, 0.0]","[2, 2]"
2025-10-20 11:06:05,Limit_Judge_Triggered,"[-0.0, 157.44400024414062, 0.0]","[157.44400024414062, -170.0]","[-157.44400024414062, 0.0, 0.0]","[2, 2]"
2025-10-20 11:06:05,Limit_Judge_Triggered,"[-0.0, 157.44400024414062, 0.0]","[157.44400024414062, -170.0]","[-157.44400024414062, 0.0, 0.0]","[2, 2]"
2025-10-20 11:06:05,Limit_Judge_Triggered,"[-0.0, 157.44400024414062, 0.0]","[157.44400024414062, -170.0]","[-157.44400024414062, 0.0, 0.0]","[2, 2]"
2025-10-20 11:06:05,Limit_Judge_Triggered,"[-0.0, 157.44400024414062, 0.0]","[157.44400024414062, -170.0]","[-157.44400024414062, 0.0, 0.0]","[2, 2]"
2025-10-20 11:06:05,Limit_Judge_Triggered,"[-0.0, 157.44400024414062, 0.0]","[157.44400024414062, -170.0]","[-157.44400024414062, 0.0, 0.0]","[2, 2]"
2025-10-20 11:06:05,Limit_Judge_Triggered,"[-0.0, 157.4429931640625, 0.0]","[157.4429931640625, -170.0]","[-157.4429931640625, 0.0, 0.0]","[2, 2]"
2025-10-20 11:06:05,Limit_Judge_Triggered,"[-0.0, 157.4429931640625, 0.0]","[157.4429931640625, -170.0]","[-157.4429931640625, 0.0, 0.0]","[2, 2]"
2025-10-20 11:06:05,Limit_Judge_Triggered,"[-0.0, 157.4429931640625, 0.0]","[157.4429931640625, -170.0]","[-157.4429931640625, 0.0, 0.0]","[2, 2]"
2025-10-20 11:06:05,Limit_Judge_Triggered,"[-0.0, 157.4429931640625, 0.0]","[157.4429931640625, -170.0]","[-157.4429931640625, 0.0, 0.0]","[2, 2]"
2025-10-20 11:06:05,Limit_Judge_Triggered,"[-0.0, 157.44200134277344, 0.0]","[157.44200134277344, -170.0]","[-157.44200134277344, 0.0, 0.0]","[2, 2]"
2025-10-20 11:06:05,Limit_Judge_Triggered,"[-0.0, 157.44200134277344, 0.0]","[157.44200134277344, -170.0]","[-157.44200134277344, 0.0, 0.0]","[2, 2]"
2025-10-20 11:06:05,Limit_Judge_Triggered,"[-0.0, 157.44200134277344, 0.0]","[157.44200134277344, -170.0]","[-157.44200134277344, 0.0, 0.0]","[2, 2]"
2025-10-20 11:06:05,Limit_Judge_Triggered,"[-0.0, 157.4409942626953, 0.0]","[157.4409942626953, -170.0]","[-157.4409942626953, 0.0, 0.0]","[2, 2]"
2025-10-20 11:06:05,Limit_Judge_Triggered,"[-0.0, 157.4409942626953, 0.0]","[157.4409942626953, -170.0]","[-157.4409942626953, 0.0, 0.0]","[2, 2]"
2025-10-20 11:06:05,Limit_Judge_Triggered,"[-0.0, 157.4409942626953, 0.0]","[157.4409942626953, -170.0]","[-157.4409942626953, 0.0, 0.0]","[2, 2]"
2025-10-20 11:06:05,Limit_Judge_Triggered,"[-0.0, 157.44000244140625, 0.0]","[157.44000244140625, -170.0]","[-157.44000244140625, 0.0, 0.0]","[2, 2]"
2025-10-20 11:06:06,Limit_Judge_Triggered,"[-0.0, 157.44000244140625, 0.0]","[157.44000244140625, -170.0]","[-157.44000244140625, 0.0, 0.0]","[2, 2]"
2025-10-20 11:06:06,Limit_Judge_Triggered,"[-0.0, 157.43899536132812, 0.0]","[157.43899536132812, -170.0]","[-157.43899536132812, 0.0, 0.0]","[2, 2]"
2025-10-20 11:06:06,Limit_Judge_Triggered,"[-0.0, 157.43899536132812, 0.0]","[157.43899536132812, -170.0]","[-157.43899536132812, 0.0, 0.0]","[2, 2]"
2025-10-20 11:06:06,Limit_Judge_Triggered,"[-0.0, 157.43800354003906, 0.0]","[157.43800354003906, -170.0]","[-157.43800354003906, 0.0, 0.0]","[2, 2]"
2025-10-20 11:06:06,Limit_Judge_Triggered,"[-0.0, 157.43800354003906, 0.0]","[157.43800354003906, -170.0]","[-157.43800354003906, 0.0, 0.0]","[2, 2]"
2025-10-20 11:06:06,Limit_Judge_Triggered,"[-0.0, 157.43699645996094, 0.0]","[157.43699645996094, -170.0]","[-157.43699645996094, 0.0, 0.0]","[2, 2]"
2025-10-20 11:06:06,Limit_Judge_Triggered,"[-0.0, 157.43699645996094, 0.0]","[157.43699645996094, -170.0]","[-157.43699645996094, 0.0, 0.0]","[2, 2]"
2025-10-20 11:06:06,Limit_Judge_Triggered,"[-0.0, 157.43600463867188, 0.0]","[157.43600463867188, -170.0]","[-157.43600463867188, 0.0, 0.0]","[2, 2]"
2025-10-20 11:06:06,Limit_Judge_Triggered,"[-0.0, 157.43600463867188, 0.0]","[157.43600463867188, -170.0]","[-157.43600463867188, 0.0, 0.0]","[2, 2]"
2025-10-20 11:06:06,Limit_Judge_Triggered,"[-0.0, 157.43499755859375, 0.0]","[157.43499755859375, -170.0]","[-157.43499755859375, 0.0, 0.0]","[2, 2]"
2025-10-20 11:06:06,Limit_Judge_Triggered,"[-0.0, 157.4340057373047, 0.0]","[157.4340057373047, -170.0]","[-157.4340057373047, 0.0, 0.0]","[2, 2]"
2025-10-20 11:06:06,Limit_Judge_Triggered,"[-0.0, 157.43299865722656, 0.0]","[157.43299865722656, -170.0]","[-157.43299865722656, 0.0, 0.0]","[2, 2]"
2025-10-20 11:06:06,Limit_Judge_Triggered,"[-0.0, 157.43299865722656, 0.0]","[157.43299865722656, -170.0]","[-157.43299865722656, 0.0, 0.0]","[2, 2]"
2025-10-20 11:06:06,Limit_Judge_Triggered,"[-0.0, 157.4320068359375, 0.0]","[157.4320068359375, -170.0]","[-157.4320068359375, 0.0, 0.0]","[2, 2]"
2025-10-20 11:06:06,Limit_Judge_Triggered,"[-0.0, 157.4320068359375, 0.0]","[157.4320068359375, -170.0]","[-157.4320068359375, 0.0, 0.0]","[2, 2]"
2025-10-20 11:06:06,Limit_Judge_Triggered,"[-0.0, 157.43099975585938, 0.0]","[157.43099975585938, -170.0]","[-157.43099975585938, 0.0, 0.0]","[2, 2]"
2025-10-20 11:06:06,Limit_Judge_Triggered,"[-0.0, 157.43099975585938, 0.0]","[157.43099975585938, -170.0]","[-157.43099975585938, 0.0, 0.0]","[2, 2]"
2025-10-20 11:06:06,Limit_Judge_Triggered,"[-0.0, 157.42999267578125, 0.0]","[157.42999267578125, -170.0]","[-157.42999267578125, 0.0, 0.0]","[2, 2]"
2025-10-20 11:06:06,Limit_Judge_Triggered,"[-0.0, 157.42999267578125, 0.0]","[157.42999267578125, -170.0]","[-157.42999267578125, 0.0, 0.0]","[2, 2]"
2025-10-20 11:06:06,Limit_Judge_Triggered,"[-0.0, 157.42999267578125, 0.0]","[157.42999267578125, -170.0]","[-157.42999267578125, 0.0, 0.0]","[2, 2]"
2025-10-20 11:06:06,Limit_Judge_Triggered,"[-0.0, 157.42999267578125, 0.0]","[157.42999267578125, -170.0]","[-157.42999267578125, 0.0, 0.0]","[2, 2]"
2025-10-20 11:06:06,Limit_Judge_Triggered,"[-0.0, 157.42999267578125, 0.0]","[157.42999267578125, -170.0]","[-157.42999267578125, 0.0, 0.0]","[2, 2]"
2025-10-20 11:06:06,Limit_Judge_Triggered,"[-0.0, 157.42999267578125, 0.0]","[157.42999267578125, -170.0]","[-157.42999267578125, 0.0, 0.0]","[2, 2]"
2025-10-20 11:06:06,Limit_Judge_Triggered,"[-0.0, 157.42999267578125, 0.0]","[157.42999267578125, -170.0]","[-157.42999267578125, 0.0, 0.0]","[2, 2]"
2025-10-20 11:06:06,Limit_Judge_Triggered,"[-0.0, 157.42999267578125, 0.0]","[157.42999267578125, -170.0]","[-157.42999267578125, 0.0, 0.0]","[2, 2]"
2025-10-20 11:06:07,Limit_Judge_Triggered,"[-0.0, 157.42999267578125, 0.0]","[157.42999267578125, -170.0]","[-157.42999267578125, 0.0, 0.0]","[2, 2]"
2025-10-20 11:06:07,Limit_Judge_Triggered,"[-0.0, 157.42999267578125, 0.0]","[157.42999267578125, -170.0]","[-157.42999267578125, 0.0, 0.0]","[2, 2]"
2025-10-20 11:06:07,Limit_Judge_Triggered,"[-0.0, 157.42999267578125, 0.0]","[157.42999267578125, -170.0]","[-157.42999267578125, 0.0, 0.0]","[2, 2]"
2025-10-20 11:06:07,Limit_Judge_Triggered,"[-0.0, 157.42999267578125, 0.0]","[157.42999267578125, -170.0]","[-157.42999267578125, 0.0, 0.0]","[2, 2]"
2025-10-20 11:06:07,Limit_Judge_Triggered,"[-0.0, 157.42999267578125, 0.0]","[157.42999267578125, -170.0]","[-157.42999267578125, 0.0, 0.0]","[2, 2]"
2025-10-20 11:06:07,Limit_Judge_Triggered,"[-0.0, 157.42999267578125, 0.0]","[157.42999267578125, -170.0]","[-157.42999267578125, 0.0, 0.0]","[2, 2]"
2025-10-20 11:06:07,Limit_Judge_Triggered,"[-0.0, 157.42999267578125, 0.0]","[157.42999267578125, -170.0]","[-157.42999267578125, 0.0, 0.0]","[2, 2]"
2025-10-20 11:06:07,Limit_Judge_Triggered,"[-0.0, 157.42999267578125, 0.0]","[157.42999267578125, -170.0]","[-157.42999267578125, 0.0, 0.0]","[2, 2]"
2025-10-20 11:06:07,Limit_Judge_Triggered,"[-0.0, 157.42999267578125, 0.0]","[157.42999267578125, -170.0]","[-157.42999267578125, 0.0, 0.0]","[2, 2]"
2025-10-20 11:06:07,Limit_Judge_Triggered,"[-0.0, 157.42999267578125, 0.0]","[157.42999267578125, -170.0]","[-157.42999267578125, 0.0, 0.0]","[2, 2]"
2025-10-20 11:06:07,Limit_Judge_Triggered,"[-0.0, 157.42999267578125, 0.0]","[157.42999267578125, -170.0]","[-157.42999267578125, 0.0, 0.0]","[2, 2]"
2025-10-20 11:06:07,Limit_Judge_Triggered,"[-0.0, 157.42999267578125, 0.0]","[157.42999267578125, -170.0]","[-157.42999267578125, 0.0, 0.0]","[2, 2]"
2025-10-20 11:06:07,Limit_Judge_Triggered,"[-0.0, 157.42999267578125, 0.0]","[157.42999267578125, -170.0]","[-157.42999267578125, 0.0, 0.0]","[2, 2]"
2025-10-20 11:06:07,Limit_Judge_Triggered,"[-0.0, 157.42999267578125, 0.0]","[157.42999267578125, -170.0]","[-157.42999267578125, 0.0, 0.0]","[2, 2]"
2025-10-20 11:06:07,Limit_Judge_Triggered,"[-0.0, 157.42999267578125, 0.0]","[157.42999267578125, -170.0]","[-157.42999267578125, 0.0, 0.0]","[2, 2]"
2025-10-20 11:06:07,Limit_Judge_Triggered,"[-0.0, 157.42999267578125, 0.0]","[157.42999267578125, -170.0]","[-157.42999267578125, 0.0, 0.0]","[2, 2]"
2025-10-20 11:06:07,Limit_Judge_Triggered,"[-0.0, 157.42999267578125, 0.0]","[157.42999267578125, -170.0]","[-157.42999267578125, 0.0, 0.0]","[2, 2]"
2025-10-20 11:06:07,Limit_Judge_Triggered,"[-0.0, 157.42999267578125, 0.0]","[157.42999267578125, -170.0]","[-157.42999267578125, 0.0, 0.0]","[2, 2]"
2025-10-20 11:06:07,Limit_Judge_Triggered,"[-0.0, 157.42999267578125, 0.0]","[157.42999267578125, -170.0]","[-157.42999267578125, 0.0, 0.0]","[2, 2]"
2025-10-20 11:06:07,Limit_Judge_Triggered,"[-0.0, 157.42999267578125, 0.0]","[157.42999267578125, -170.0]","[-157.42999267578125, 0.0, 0.0]","[2, 2]"
2025-10-20 11:06:07,Limit_Judge_Triggered,"[-0.0, 157.42999267578125, 0.0]","[157.42999267578125, -170.0]","[-157.42999267578125, 0.0, 0.0]","[2, 2]"
2025-10-20 11:06:07,Limit_Judge_Triggered,"[-0.0, 157.42999267578125, 0.0]","[157.42999267578125, -170.0]","[-157.42999267578125, 0.0, 0.0]","[2, 2]"
2025-10-20 11:06:07,Limit_Judge_Triggered,"[-0.0, 157.42999267578125, 0.0]","[157.42999267578125, -170.0]","[-157.42999267578125, 0.0, 0.0]","[2, 2]"
2025-10-20 11:06:07,Limit_Judge_Triggered,"[-0.0, 157.42999267578125, 0.0]","[157.42999267578125, -170.0]","[-157.42999267578125, 0.0, 0.0]","[2, 2]"
2025-10-20 11:06:07,Limit_Judge_Triggered,"[-0.0, 157.42999267578125, 0.0]","[157.42999267578125, -170.0]","[-157.42999267578125, 0.0, 0.0]","[2, 2]"
2025-10-20 11:06:08,Limit_Judge_Triggered,"[-0.0, 157.42999267578125, 0.0]","[157.42999267578125, -170.0]","[-157.42999267578125, 0.0, 0.0]","[2, 2]"
2025-10-20 11:06:08,Limit_Judge_Triggered,"[-0.0, 157.42999267578125, 0.0]","[157.42999267578125, -170.0]","[-157.42999267578125, 0.0, 0.0]","[2, 2]"
2025-10-20 11:06:08,Limit_Judge_Triggered,"[-0.0, 157.42999267578125, 0.0]","[157.42999267578125, -170.0]","[-157.42999267578125, 0.0, 0.0]","[2, 2]"
2025-10-20 11:06:08,Limit_Judge_Triggered,"[-0.0, 157.42999267578125, 0.0]","[157.42999267578125, -170.0]","[-157.42999267578125, 0.0, 0.0]","[2, 2]"
2025-10-20 11:06:08,Limit_Judge_Triggered,"[-0.0, 157.42999267578125, 0.0]","[157.42999267578125, -170.0]","[-157.42999267578125, 0.0, 0.0]","[2, 2]"
2025-10-20 11:06:08,Limit_Judge_Triggered,"[-0.0, 157.42999267578125, 0.0]","[157.42999267578125, -170.0]","[-157.42999267578125, 0.0, 0.0]","[2, 2]"
2025-10-20 11:06:08,Limit_Judge_Triggered,"[-0.0, 157.42999267578125, 0.0]","[157.42999267578125, -170.0]","[-157.42999267578125, 0.0, 0.0]","[2, 2]"
2025-10-20 11:06:08,Limit_Judge_Triggered,"[-0.0, 157.42999267578125, 0.0]","[157.42999267578125, -170.0]","[-157.42999267578125, 0.0, 0.0]","[2, 2]"
2025-10-20 11:06:08,Limit_Judge_Triggered,"[-0.0, 157.42999267578125, 0.0]","[157.42999267578125, -170.0]","[-157.42999267578125, 0.0, 0.0]","[2, 2]"
2025-10-20 11:06:08,Limit_Judge_Triggered,"[-0.0, 157.42999267578125, 0.0]","[157.42999267578125, -170.0]","[-157.42999267578125, 0.0, 0.0]","[2, 2]"
2025-10-20 11:06:08,Limit_Judge_Triggered,"[-0.0, 157.42999267578125, 0.0]","[157.42999267578125, -170.0]","[-157.42999267578125, 0.0, 0.0]","[2, 2]"
2025-10-20 11:06:08,Limit_Judge_Triggered,"[-0.0, 157.42999267578125, 0.0]","[157.42999267578125, -170.0]","[-157.42999267578125, 0.0, 0.0]","[2, 2]"
2025-10-20 11:06:08,Limit_Judge_Triggered,"[-0.0, 157.42999267578125, 0.0]","[157.42999267578125, -170.0]","[-157.42999267578125, 0.0, 0.0]","[2, 2]"
2025-10-20 11:06:08,Limit_Judge_Triggered,"[-0.0, 157.42999267578125, 0.0]","[157.42999267578125, -170.0]","[-157.42999267578125, 0.0, 0.0]","[2, 2]"
2025-10-20 11:06:08,Limit_Judge_Triggered,"[-0.0, 157.42999267578125, 0.0]","[157.42999267578125, -170.0]","[-157.42999267578125, 0.0, 0.0]","[2, 2]"
2025-10-20 11:06:08,Limit_Judge_Triggered,"[-0.0, 157.42999267578125, 0.0]","[157.42999267578125, -170.0]","[-157.42999267578125, 0.0, 0.0]","[2, 2]"
2025-10-20 11:06:08,Limit_Judge_Triggered,"[-0.0, 157.42999267578125, 0.0]","[157.42999267578125, -170.0]","[-157.42999267578125, 0.0, 0.0]","[2, 2]"
2025-10-20 11:06:08,Limit_Judge_Triggered,"[-0.0, 157.42999267578125, 0.0]","[157.42999267578125, -170.0]","[-157.42999267578125, 0.0, 0.0]","[2, 2]"
2025-10-20 11:06:08,Limit_Judge_Triggered,"[-0.0, 157.42999267578125, 0.0]","[157.42999267578125, -170.0]","[-157.42999267578125, 0.0, 0.0]","[2, 2]"
2025-10-20 11:06:08,Limit_Judge_Triggered,"[-0.0, 157.42999267578125, 0.0]","[157.42999267578125, -170.0]","[-157.42999267578125, 0.0, 0.0]","[2, 2]"
2025-10-20 11:06:08,Limit_Judge_Triggered,"[-0.0, 157.42999267578125, 0.0]","[157.42999267578125, -170.0]","[-157.42999267578125, 0.0, 0.0]","[2, 2]"
